"DATA_YEAR","ARRESTEE_ID","INCIDENT_ID","ARRESTEE_SEQ_NUM","ARREST_DATE","ARREST_TYPE_ID","MULTIPLE_INDICATOR","OFFENSE_TYPE_ID","AGE_ID","AGE_NUM","SEX_CODE","RACE_ID","ETHNICITY_ID","RESIDENT_CODE","UNDER_18_DISPOSITION_CODE","CLEARANCE_IND","AGE_RANGE_LOW_NUM","AGE_RANGE_HIGH_NUM"
2019,35217227,116440173,1,02-JUL-19,1,"M",16,5,24,"F",1,2,"","","",24,0
2019,33799367,112813891,1,04-FEB-19,1,"C",45,5,24,"F",1,2,"","","",24,0
2019,35236280,116434548,1,02-JUL-19,2,"N",23,5,44,"F",1,2,"","","",44,0
2019,35232652,116434551,1,10-JAN-19,1,"C",16,5,32,"M",1,2,"","","",32,0
2019,35217236,116440187,1,18-MAY-19,1,"C",51,5,33,"F",1,2,"","","",33,0
2019,36366926,119210253,1,01-OCT-19,1,"N",16,5,32,"F",1,2,"","","",32,0
2019,36366927,119210257,1,16-APR-19,2,"N",51,5,16,"M",1,2,"","H","",16,0
2019,36366931,119210261,1,01-OCT-19,1,"M",16,5,35,"M",1,2,"","","",35,0
2019,36359275,119210265,1,04-NOV-19,1,"N",48,5,24,"M",1,1,"N","","",24,0
2019,36366932,119210267,1,16-JUL-19,1,"N",16,5,20,"M",1,3,"","","",20,0
2019,36366933,119210268,1,31-JAN-19,2,"C",51,5,14,"F",3,2,"","R","",14,0
2019,36359281,119210269,1,05-NOV-19,2,"N",23,5,30,"F",1,1,"R","","",30,0
2019,36366936,119210271,1,01-MAY-19,1,"C",16,5,25,"M",1,2,"","","",25,0
2019,36366937,119210275,1,07-NOV-19,2,"N",51,5,58,"M",1,3,"R","","",58,0
2019,36366938,119210280,1,29-SEP-19,1,"C",16,5,21,"M",1,2,"","","",21,0
2019,36366940,119210284,1,09-DEC-19,2,"N",23,5,31,"F",1,3,"","","",31,0
2019,36366941,119210284,2,09-DEC-19,2,"N",23,5,23,"F",1,,"","","",23,0
2019,36366942,119210285,1,07-NOV-19,2,"N",53,5,22,"M",1,3,"R","","",22,0
2019,36366947,119210291,1,08-NOV-19,1,"C",16,5,22,"M",1,2,"","","",22,0
2019,36366948,119210294,1,16-DEC-19,2,"N",16,5,59,"F",1,3,"R","","",59,0
2019,36366955,119210300,4,08-DEC-19,2,"N",23,5,14,"F",1,3,"","H","",14,0
2019,36366953,119210300,2,08-DEC-19,2,"N",23,5,16,"M",1,3,"","H","",16,0
2019,36366952,119210300,1,08-DEC-19,2,"N",23,5,14,"M",1,3,"","H","",14,0
2019,36366954,119210300,3,08-DEC-19,2,"N",23,5,15,"M",1,3,"","H","",15,0
2019,36366958,119210308,1,26-JUL-19,1,"N",16,5,16,"M",1,2,"","H","",16,0
2019,36366960,119210314,1,01-JAN-19,1,"C",27,5,51,"M",1,2,"","","",51,0
2019,36359299,119203252,1,08-NOV-19,1,"N",16,5,31,"F",1,3,"","","",31,0
2019,36366976,119203253,1,10-MAY-19,1,"M",16,5,40,"M",1,2,"","","",40,0
2019,36366978,119210348,1,11-DEC-19,2,"N",51,5,58,"M",1,,"","","",58,0
2019,36366979,119210352,1,13-DEC-19,1,"N",16,5,20,"M",1,2,"","","",20,0
2019,36366983,119210354,1,07-SEP-19,1,"M",27,5,15,"M",1,2,"","H","",15,0
2019,36366987,119210360,1,21-OCT-19,1,"N",16,5,20,"M",1,2,"","","",20,0
2019,36366989,119210364,1,16-JUL-19,1,"C",16,5,31,"M",1,2,"","","",31,0
2019,35969493,118038563,3,04-JUL-19,2,"N",16,5,30,"M",1,1,"","","",30,0
2019,35969492,118038563,2,04-JUL-19,2,"N",16,5,30,"M",1,1,"","","",30,0
2019,35969491,118038563,1,04-JUL-19,2,"N",48,5,27,"M",1,1,"","","",27,0
2019,36366995,119210383,1,28-OCT-19,1,"N",51,5,57,"F",1,2,"","","",57,0
2019,36366996,119210384,1,18-AUG-19,1,"C",51,5,24,"M",1,2,"","","",24,0
2019,36367001,119210391,1,19-AUG-19,2,"C",51,5,14,"M",0,1,"","H","",14,0
2019,36367002,119210395,1,18-DEC-19,2,"N",16,5,35,"M",1,3,"N","","",35,0
2019,36367004,119210401,1,21-NOV-19,1,"N",16,5,26,"M",1,3,"","","",26,0
2019,36366928,119210258,1,05-DEC-19,1,"N",35,5,25,"M",1,1,"N","","",25,0
2019,36359285,119203223,1,16-APR-19,1,"N",51,5,31,"M",1,2,"","","",31,0
2019,37070174,121086613,2,05-JUN-19,2,"C",16,5,16,"M",1,2,"","H","",16,0
2019,37062074,121086613,1,05-JUN-19,2,"C",16,5,16,"M",1,2,"","H","",16,0
2019,37062089,121083241,1,14-NOV-19,2,"C",16,5,73,"M",1,2,"","","",73,0
2019,37074622,121083243,1,31-OCT-19,1,"C",36,5,16,"M",1,2,"","H","",16,0
2019,37062090,121083244,1,18-NOV-19,2,"C",45,5,18,"M",1,2,"","","",18,0
2019,37074630,121091500,1,24-NOV-19,1,"M",16,5,32,"M",1,2,"","","",32,0
2019,37070217,121086708,1,26-NOV-19,1,"M",16,5,15,"M",1,1,"","H","",15,0
2019,37062093,121083249,1,26-NOV-19,2,"C",16,5,14,"F",1,1,"","H","",14,0
2019,37062094,121083250,1,30-DEC-19,2,"N",16,5,13,"M",1,2,"","H","",13,0
2019,35979512,118043056,1,23-JUN-19,2,"N",51,5,17,"F",1,2,"","R","",17,0
2019,35979531,118038634,1,18-OCT-19,1,"N",51,5,43,"M",1,1,"R","","",43,0
2019,35971284,118047386,1,20-OCT-19,1,"N",16,5,26,"M",1,3,"","","",26,0
2019,35971286,118047396,1,26-OCT-19,1,"N",23,5,29,"M",1,3,"R","","",29,0
2019,35971287,118047398,1,27-OCT-19,1,"N",35,5,21,"M",1,1,"N","","",21,0
2019,35979542,118047405,1,18-OCT-19,2,"N",35,5,19,"M",1,3,"R","","",19,0
2019,36579521,119791967,1,01-DEC-19,1,"N",16,5,47,"M",1,2,"","","",47,0
2019,36553673,119791974,1,07-OCT-19,1,"N",16,5,19,"M",1,2,"","","",19,0
2019,37062065,121083212,2,05-APR-19,2,"M",23,5,44,"F",1,2,"","","",44,0
2019,37062064,121083212,1,05-APR-19,2,"C",23,5,68,"F",1,2,"","","",68,0
2019,37062067,121083217,1,18-JUN-19,2,"N",51,5,25,"F",1,2,"","","",25,0
2019,37074593,121083221,1,06-NOV-19,2,"N",23,5,39,"M",1,2,"","","",39,0
2019,37062070,121091426,1,25-JUL-19,1,"C",16,5,41,"M",1,2,"","","",41,0
2019,36359270,119203191,1,04-NOV-19,2,"N",23,5,41,"F",1,3,"R","","",41,0
2019,36359296,119203240,2,20-FEB-19,2,"N",16,5,19,"M",1,2,"","","",19,0
2019,36359295,119203240,1,20-FEB-19,2,"N",16,5,37,"F",1,2,"","","",37,0
2019,36366961,119203242,1,17-OCT-19,2,"N",16,5,32,"F",1,2,"","","",32,0
2019,36359334,119203315,1,21-JUN-19,3,"C",16,5,44,"F",1,2,"","","",44,0
2019,36359362,119203365,1,27-SEP-19,2,"C",51,5,11,"F",1,3,"","R","",11,0
2019,36359258,119203165,1,02-NOV-19,1,"N",49,5,29,"M",1,3,"R","","",29,0
2019,36359261,119203173,1,09-NOV-19,2,"N",23,5,31,"F",1,3,"R","","",31,0
2019,36359267,119203186,1,01-AUG-19,1,"M",16,5,34,"M",1,2,"","","",34,0
2019,36359276,119203209,1,11-APR-19,1,"C",16,5,28,"M",1,2,"","","",28,0
2019,36366946,119210290,1,30-SEP-19,1,"C",16,5,21,"F",1,2,"","","",21,0
2019,36359307,119203264,1,18-OCT-19,2,"C",16,5,31,"M",1,2,"","","",31,0
2019,36359294,119203239,1,04-JUN-19,1,"C",16,5,21,"M",1,2,"","","",21,0
2019,35975804,118038586,1,22-MAR-19,2,"C",16,5,17,"M",1,2,"","H","",17,0
2019,36359351,119203345,1,29-JUN-19,1,"N",23,5,50,"F",1,2,"","","",50,0
2019,36359322,119203288,1,14-DEC-19,2,"N",5,5,21,"M",1,3,"","","",21,0
2019,36359269,119203190,1,05-DEC-19,2,"N",23,5,35,"M",1,3,"","","",35,0
2019,36359289,119203232,1,02-MAY-19,2,"N",23,5,34,"F",1,2,"","","",34,0
2019,36359304,119203260,1,11-MAY-19,1,"C",43,5,20,"M",1,2,"","","",20,0
2019,36359318,119203282,1,24-JUL-19,3,"C",16,5,31,"F",1,2,"","","",31,0
2019,36359329,119203304,1,13-NOV-19,1,"N",48,5,23,"M",1,3,"","","",23,0
2019,36359341,119203330,1,28-JUL-19,2,"M",16,5,23,"F",2,2,"","","",23,0
2019,36359342,119203330,2,28-JUL-19,2,"C",16,5,21,"F",1,2,"","","",21,0
2019,36359363,119203371,1,28-SEP-19,1,"C",16,5,21,"M",1,2,"","","",21,0
2019,35688108,117154953,1,05-JUN-19,1,"C",27,5,41,"M",1,2,"","","",41,0
2019,35688112,117154962,1,12-SEP-19,2,"N",21,5,16,"M",1,1,"","H","",16,0
2019,35688121,117154977,1,18-MAY-19,1,"N",5,5,35,"M",1,2,"","","",35,0
2019,35688135,117154996,1,04-AUG-19,1,"N",16,5,26,"M",1,3,"","","",26,0
2019,35688139,117155005,1,31-AUG-19,2,"N",5,5,20,"M",1,2,"","","",20,0
2019,35688143,117155010,1,19-JUN-19,1,"N",16,5,35,"M",1,2,"","","",35,0
2019,35217223,116442789,1,10-APR-19,1,"C",16,5,18,"M",1,2,"","","",18,0
2019,35232672,116442811,1,09-JUL-19,2,"M",5,5,19,"M",1,1,"","","",19,0
2019,35688101,117154942,1,26-FEB-19,2,"N",27,5,56,"M",1,2,"","","",56,0
2019,35688147,117155025,1,30-AUG-19,2,"M",16,5,17,"M",1,2,"","R","",17,0
2019,35688150,117155029,1,17-FEB-19,1,"C",51,5,55,"M",1,2,"","","",55,0
2019,35688160,117155055,1,09-SEP-19,2,"N",51,5,27,"M",1,2,"","","",27,0
2019,35688167,117155065,1,27-FEB-19,1,"N",51,5,42,"M",1,2,"","","",42,0
2019,35688174,117155078,1,07-SEP-19,3,"C",48,5,48,"M",1,3,"","","",48,0
2019,35688196,117155122,1,12-SEP-19,2,"N",35,5,32,"M",1,3,"","","",32,0
2019,35688197,117155122,2,12-SEP-19,2,"N",16,5,28,"F",1,3,"","","",28,0
2019,35688202,117155142,1,13-SEP-19,1,"N",51,5,22,"F",1,1,"","","",22,0
2019,35688203,117155142,2,13-SEP-19,2,"N",51,5,21,"F",1,3,"","","",21,0
2019,35688207,117155152,1,14-SEP-19,1,"N",48,5,71,"M",1,3,"","","",71,0
2019,35688105,117154955,1,19-APR-19,1,"N",16,5,27,"M",1,3,"","","",27,0
2019,35688107,117154955,2,19-APR-19,1,"N",16,5,23,"M",1,3,"","","",23,0
2019,35688148,117155026,1,04-SEP-19,3,"N",35,5,19,"M",1,3,"","","",19,0
2019,35688154,117155043,1,08-SEP-19,1,"N",51,5,31,"M",2,3,"","","",31,0
2019,35688189,117155111,1,18-AUG-19,1,"N",51,5,35,"M",1,1,"","","",35,0
2019,35971253,118043034,3,30-OCT-19,2,"N",16,5,15,"F",1,3,"R","H","",15,0
2019,35971252,118043034,2,30-OCT-19,2,"N",16,5,15,"F",1,3,"R","H","",15,0
2019,35975794,118043034,1,30-OCT-19,2,"N",16,5,15,"F",1,3,"R","H","",15,0
2019,35971255,118038568,1,02-AUG-19,1,"C",23,5,26,"M",1,2,"","","",26,0
2019,35971264,118038589,1,03-AUG-19,2,"C",5,5,12,"M",1,1,"","H","",12,0
2019,35971267,118038599,1,26-JUL-19,1,"C",51,5,37,"F",1,2,"","","",37,0
2019,35217269,116442889,1,26-JUN-19,1,"C",51,5,40,"M",1,2,"","","",40,0
2019,35217270,116442893,1,27-JUN-19,1,"C",51,5,25,"M",1,2,"","","",25,0
2019,35975802,118038584,1,26-JUN-19,2,"C",2,5,31,"F",1,2,"","","",31,0
2019,35975807,118038604,1,12-SEP-19,2,"N",16,5,32,"M",1,2,"","","",32,0
2019,35979521,118038617,2,08-AUG-19,1,"M",16,5,22,"M",1,2,"","","",22,0
2019,35979520,118038617,1,08-AUG-19,1,"M",16,5,47,"M",1,2,"","","",47,0
2019,35971274,118047378,1,09-AUG-19,1,"C",27,5,38,"M",1,2,"","","",38,0
2019,37074594,121091422,1,04-AUG-19,1,"M",16,5,38,"M",1,2,"","","",38,0
2019,37074612,121091465,1,12-DEC-19,2,"C",51,5,13,"M",1,3,"","H","",13,0
2019,37062086,121086674,1,02-JUN-19,1,"C",51,5,41,"F",1,2,"","","",41,0
2019,37074619,121091476,1,04-NOV-19,2,"C",23,5,44,"M",1,2,"","","",44,0
2019,37074624,121091485,1,26-DEC-19,1,"C",51,5,30,"M",1,2,"","","",30,0
2019,37074627,121091492,1,24-DEC-19,1,"C",45,5,38,"M",2,2,"","","",38,0
2019,35975800,118043046,1,12-FEB-19,2,"C",28,5,26,"F",1,2,"","","",26,0
2019,35971279,118047382,1,15-SEP-19,1,"N",51,5,42,"F",1,2,"","","",42,0
2019,35971283,118038639,2,15-AUG-19,2,"N",45,5,20,"M",1,2,"","","",20,0
2019,35971282,118038639,1,15-AUG-19,2,"N",45,5,18,"M",1,2,"","","",18,0
2019,35688111,117154961,1,25-SEP-19,3,"C",36,5,52,"M",1,3,"","","",52,0
2019,35688117,117154972,1,18-SEP-19,1,"N",51,5,41,"M",1,2,"","","",41,0
2019,35688106,117154954,1,01-SEP-19,1,"N",16,5,38,"M",1,2,"","","",38,0
2019,35688217,117155179,2,20-SEP-19,2,"N",8,5,14,"F",1,3,"R","R","",14,0
2019,35688216,117155179,1,20-SEP-19,2,"N",8,5,14,"M",1,3,"R","R","",14,0
2019,35688227,117155211,1,21-SEP-19,3,"N",48,5,25,"M",1,3,"","","",25,0
2019,35688234,117155234,1,26-SEP-19,3,"N",35,5,25,"M",1,3,"R","","",25,0
2019,35688237,117155244,1,30-SEP-19,1,"N",51,5,22,"M",1,3,"R","","",22,0
2019,37074618,121091474,1,15-DEC-19,1,"C",16,5,58,"F",1,2,"","","",58,0
2019,35232654,116434555,1,09-AUG-19,2,"C",51,5,37,"M",1,2,"","","",37,0
2019,35217229,116434562,1,15-FEB-19,2,"C",51,5,7,"M",1,2,"","H","",7,0
2019,33659383,112452858,1,01-MAY-19,2,"N",35,5,37,"F",1,3,"","","",37,0
2019,33659388,112450074,1,09-MAY-19,2,"N",45,5,12,"F",1,3,"R","H","",12,0
2019,33656381,112452889,1,25-MAY-19,1,"N",51,5,36,"F",1,3,"R","","",36,0
2019,33659465,112453029,1,24-JAN-19,2,"N",27,5,14,"M",2,2,"","R","",14,0
2019,34222939,113817955,1,01-FEB-19,2,"C",51,5,47,"M",1,2,"","","",47,0
2019,34217513,113817958,1,13-JUN-19,1,"N",16,5,30,"F",1,2,"","","",30,0
2019,34222944,113817960,1,22-MAY-19,2,"N",5,5,17,"F",1,2,"","R","",17,0
2019,33659389,112452876,1,10-MAY-19,1,"N",48,5,24,"M",1,3,"","","",24,0
2019,33656401,112450132,1,12-MAR-19,2,"N",45,5,13,"M",1,2,"","R","",13,0
2019,33659459,112453022,1,01-FEB-19,2,"C",16,5,33,"M",1,2,"","","",33,0
2019,33659393,112452890,1,21-MAY-19,2,"N",51,5,12,"M",1,3,"R","R","",12,0
2019,33659396,112452894,1,23-MAY-19,1,"N",51,5,31,"M",1,3,"R","","",31,0
2019,33656382,112452894,2,23-MAY-19,1,"N",51,5,33,"M",1,3,"R","","",33,0
2019,33659386,112452861,1,01-MAY-19,1,"N",34,5,68,"M",1,3,"","","",68,0
2019,33659384,112452863,1,02-MAY-19,2,"N",51,5,18,"M",1,3,"","","",18,0
2019,33659392,112452884,1,18-MAY-19,2,"N",45,5,57,"M",1,3,"","","",57,0
2019,33656386,112452910,1,02-FEB-19,2,"C",23,5,15,"F",1,2,"","H","",15,0
2019,33656399,112450126,1,27-FEB-19,1,"C",16,5,35,"M",8,2,"","","",35,0
2019,33659385,112452864,1,02-MAY-19,3,"N",16,5,21,"F",1,3,"N","","",21,0
2019,33659442,112450131,1,20-MAR-19,2,"C",16,5,30,"M",1,2,"","","",30,0
2019,33656403,112452988,1,02-APR-19,2,"N",45,5,14,"M",2,2,"","R","",14,0
2019,33659447,112450140,1,14-APR-19,2,"C",44,5,35,"F",1,2,"","","",35,0
2019,33659448,112450140,2,14-APR-19,2,"C",44,5,38,"M",2,2,"","","",38,0
2019,33659462,112450153,1,22-JAN-19,2,"N",51,5,17,"M",1,2,"","R","",17,0
2019,34550452,115232980,1,17-AUG-19,2,"N",23,5,28,"F",1,3,"R","","",28,0
2019,34550454,115232984,1,20-AUG-19,1,"N",51,5,43,"M",1,3,"","","",43,0
2019,33850597,112909706,1,06-MAY-19,2,"C",21,5,14,"F",1,2,"","H","",14,0
2019,34550458,115232992,1,26-AUG-19,2,"N",16,5,34,"M",1,,"","","",34,0
2019,33834186,112909728,1,17-APR-19,1,"C",16,5,30,"M",1,2,"","","",30,0
2019,34555204,115242293,2,28-AUG-19,2,"N",35,5,22,"M",1,3,"N","","",22,0
2019,34555203,115242293,1,28-AUG-19,2,"N",35,5,25,"M",1,3,"N","","",25,0
2019,33850592,112903793,1,05-JAN-19,2,"C",51,5,66,"M",1,2,"","","",66,0
2019,33850598,112909705,1,12-FEB-19,1,"C",16,5,37,"F",1,2,"","","",37,0
2019,33855043,112909724,1,26-JAN-19,2,"C",23,5,26,"F",1,2,"","","",26,0
2019,33855048,112903814,1,28-MAR-19,2,"N",16,5,48,"M",1,2,"","","",48,0
2019,33850619,112909746,1,28-MAY-19,1,"N",16,5,38,"F",1,2,"","","",38,0
2019,36553668,119791966,1,21-DEC-19,1,"C",16,5,47,"M",1,2,"N","","",47,0
2019,36553667,119791965,1,14-DEC-19,1,"C",16,5,39,"M",1,2,"","","",39,0
2019,33659391,112450075,1,13-MAY-19,2,"N",23,5,36,"F",1,3,"","","",36,0
2019,33656379,112452883,1,24-MAY-19,3,"N",16,5,39,"M",1,3,"R","","",39,0
2019,33659438,112452977,1,28-FEB-19,1,"C",16,5,19,"F",1,2,"","","",19,0
2019,33855032,112913214,1,01-MAR-19,2,"C",16,5,16,"F",1,2,"","R","",16,0
2019,33834179,112909702,1,27-APR-19,2,"C",27,5,34,"F",1,1,"","","",34,0
2019,33850602,112909714,1,15-APR-19,1,"C",16,5,35,"M",1,2,"","","",35,0
2019,33850611,112909735,1,19-APR-19,1,"C",16,5,29,"M",1,2,"","","",29,0
2019,33855047,112903812,1,21-FEB-19,2,"C",23,5,46,"F",1,2,"","","",46,0
2019,33656374,112450072,1,06-MAY-19,2,"N",39,5,34,"M",1,3,"","","",34,0
2019,33659441,112450130,1,20-MAR-19,2,"N",41,5,23,"F",1,2,"","","",23,0
2019,33656378,112452885,1,18-MAY-19,2,"N",16,5,43,"M",1,3,"","","",43,0
2019,33659444,112452987,1,08-JAN-19,3,"N",16,5,38,"M",1,1,"","","",38,0
2019,33659461,112453025,1,13-FEB-19,1,"C",16,5,60,"M",2,2,"","","",60,0
2019,33659395,112450080,1,24-MAY-19,2,"N",51,5,66,"M",1,,"","","",66,0
2019,33659445,112452990,1,24-MAR-19,2,"C",16,5,41,"F",1,2,"","","",41,0
2019,33659466,112450154,1,10-FEB-19,1,"C",2,5,35,"F",1,1,"","","",35,0
2019,34222933,113821901,1,02-JUN-19,2,"N",51,5,35,"M",1,2,"","","",35,0
2019,34222934,113821901,2,02-JUN-19,2,"N",51,5,29,"F",1,2,"","","",29,0
2019,34214404,113821902,1,02-JUL-19,1,"N",16,5,41,"M",1,2,"","","",41,0
2019,33799366,112804817,1,03-JUN-19,2,"N",51,5,25,"M",1,3,"R","","",25,0
2019,33804880,112813926,1,13-JUN-19,1,"N",52,5,33,"M",1,3,"","","",33,0
2019,33804886,112816561,1,16-JUN-19,2,"N",52,5,19,"M",1,3,"","","",19,0
2019,33804887,112816561,2,16-JUN-19,2,"N",48,5,17,"M",1,1,"","H","",17,0
2019,33804889,112816573,1,17-JUN-19,3,"N",44,5,52,"F",1,3,"","","",52,0
2019,33804890,112816575,1,18-JUN-19,1,"N",5,5,58,"M",1,3,"","","",58,0
2019,37701069,122806147,1,15-JUN-19,1,"N",51,5,41,"M",1,2,"","","",41,0
2019,37697412,122804619,1,27-DEC-19,2,"N",16,5,27,"M",1,2,"","","",27,0
2019,37701098,122804634,1,19-OCT-19,1,"N",49,5,24,"M",2,2,"N","","",24,0
2019,37697422,122804643,1,24-NOV-19,1,"N",51,5,32,"M",1,2,"","","",32,0
2019,37697424,122804645,1,26-NOV-19,1,"C",51,5,39,"M",1,2,"","","",39,0
2019,37697429,122804656,1,20-JUL-19,3,"N",35,5,20,"M",1,1,"R","","",20,0
2019,37704784,122806197,1,13-OCT-19,1,"N",35,5,20,"M",1,1,"R","","",20,0
2019,37697426,122804648,1,31-MAY-19,2,"N",35,5,56,"F",1,2,"N","","",56,0
2019,37697415,122804625,1,09-APR-19,3,"N",16,5,32,"F",1,2,"R","","",32,0
2019,37701063,122804584,1,04-OCT-19,2,"N",48,5,26,"M",1,1,"","","",26,0
2019,37697408,122799326,1,06-OCT-19,1,"N",51,5,31,"M",1,2,"","","",31,0
2019,37704764,122806161,2,14-SEP-19,1,"C",51,5,23,"M",1,1,"","","",23,0
2019,37704763,122806161,1,14-SEP-19,1,"N",16,5,20,"F",1,2,"","","",20,0
2019,37697418,122804638,1,28-MAY-19,2,"N",48,5,38,"M",1,2,"R","","",38,0
2019,37704791,122804644,1,30-SEP-19,1,"N",52,5,38,"M",1,2,"R","","",38,0
2019,37704761,122804593,1,27-JUL-19,1,"C",16,5,21,"M",1,2,"","","",21,0
2019,37701076,122804605,1,05-OCT-19,3,"N",16,5,44,"M",1,2,"R","","",44,0
2019,37701077,122804605,2,05-OCT-19,1,"N",16,5,38,"F",1,2,"R","","",38,0
2019,37704772,122806175,1,21-DEC-19,1,"N",16,5,50,"F",1,2,"","","",50,0
2019,37701086,122804618,1,22-FEB-19,2,"C",36,5,18,"M",1,2,"","","",18,0
2019,37704754,122804582,1,02-APR-19,1,"N",51,5,35,"F",1,2,"","","",35,0
2019,33297662,111575167,1,09-APR-19,2,"N",23,5,53,"M",1,3,"","","",53,0
2019,33306566,111577784,1,27-APR-19,1,"M",5,5,56,"M",1,3,"R","","",56,0
2019,33297676,111581816,2,28-APR-19,1,"N",35,5,20,"M",1,1,"","","",20,0
2019,33302707,111581816,1,28-APR-19,1,"N",57,5,20,"M",1,3,"","","",20,0
2019,33302700,111577769,2,06-APR-19,1,"N",52,5,21,"F",1,3,"R","","",21,0
2019,33302699,111577769,1,06-APR-19,1,"N",52,5,19,"M",1,3,"R","","",19,0
2019,33302705,111581814,1,22-APR-19,1,"N",16,5,34,"F",1,,"","","",34,0
2019,33965383,113191910,1,20-MAR-19,2,"C",62,5,63,"F",1,2,"","","",63,0
2019,33970514,113206090,1,19-MAR-19,2,"N",49,5,30,"M",1,2,"","","",30,0
2019,33965387,113191930,1,23-FEB-19,2,"N",5,5,29,"M",1,2,"","","",29,0
2019,33297670,111581812,1,26-APR-19,2,"N",23,5,17,"F",1,3,"","H","",17,0
2019,33297673,111581812,3,26-APR-19,2,"N",23,5,20,"F",1,3,"","","",20,0
2019,33297672,111581812,2,26-APR-19,2,"N",23,5,19,"F",1,3,"","","",19,0
2019,33306596,111575213,1,13-JAN-19,1,"C",16,5,38,"M",1,2,"","","",38,0
2019,33306563,111581808,1,22-APR-19,2,"N",23,5,35,"F",1,,"","","",35,0
2019,33297665,111577777,1,17-APR-19,1,"N",16,5,33,"M",1,1,"","","",33,0
2019,33297675,111581815,2,28-APR-19,2,"N",56,5,28,"F",1,3,"","","",28,0
2019,33297674,111581815,1,28-APR-19,1,"N",22,5,32,"M",1,3,"","","",32,0
2019,33306561,111575163,1,19-APR-19,2,"N",34,5,62,"M",1,3,"R","","",62,0
2019,37074584,121091404,1,11-JAN-19,1,"N",16,5,20,"M",1,2,"","","",20,0
2019,37070168,121086605,1,12-AUG-19,1,"C",29,5,45,"M",1,1,"","","",45,0
2019,37070169,121086606,1,14-NOV-19,2,"N",51,5,19,"M",1,2,"","","",19,0
2019,37070170,121086607,1,11-OCT-19,1,"C",51,5,32,"F",1,2,"","","",32,0
2019,37062082,121086663,1,11-DEC-19,2,"C",51,5,14,"F",1,1,"","H","",14,0
2019,37070146,121086564,1,07-MAY-19,3,"M",16,5,38,"F",1,2,"","","",38,0
2019,37070151,121086573,1,01-SEP-19,2,"N",21,5,15,"M",1,1,"","H","",15,0
2019,37074605,121086640,1,16-SEP-19,1,"M",16,5,37,"M",8,2,"","","",37,0
2019,37070203,121086673,1,21-DEC-19,2,"N",16,5,30,"M",1,2,"","","",30,0
2019,37070208,121086684,1,21-DEC-19,1,"N",16,5,46,"M",1,2,"","","",46,0
2019,37074621,121083240,1,17-DEC-19,1,"C",27,5,36,"M",1,2,"","","",36,0
2019,37070212,121086694,1,16-JAN-20,1,"N",16,5,30,"M",1,2,"","","",30,0
2019,37062091,121086697,1,25-NOV-19,1,"C",63,5,29,"M",0,1,"","","",29,0
2019,37070215,121086703,1,23-NOV-19,1,"C",49,5,38,"M",1,2,"","","",38,0
2019,37070216,121086706,1,28-DEC-19,1,"C",16,5,23,"M",1,2,"","","",23,0
2019,37074589,121091415,1,17-JUL-19,2,"N",16,5,30,"M",1,2,"","","",30,0
2019,37070177,121086618,1,08-SEP-19,2,"C",51,5,39,"M",1,2,"","","",39,0
2019,37070176,121086616,1,16-AUG-19,2,"M",23,5,20,"M",1,2,"","","",20,0
2019,37070175,121086617,1,06-DEC-19,2,"N",23,5,35,"F",1,2,"","","",35,0
2019,37070186,121086642,1,15-JUN-19,2,"N",16,5,43,"M",1,2,"","","",43,0
2019,37070213,121086695,1,21-DEC-19,1,"C",16,5,26,"M",1,2,"","","",26,0
2019,37070220,121086718,1,29-NOV-19,2,"C",23,5,32,"F",1,2,"","","",32,0
2019,37070152,121086574,1,16-MAR-19,1,"N",16,5,21,"M",1,2,"","","",21,0
2019,37070184,121086636,1,22-MAY-19,2,"N",16,5,33,"F",1,2,"","","",33,0
2019,37062084,121086672,1,27-SEP-19,2,"C",23,5,22,"F",1,2,"","","",22,0
2019,37062085,121086672,2,27-SEP-19,2,"C",23,5,20,"F",1,2,"","","",20,0
2019,37074617,121086677,1,11-NOV-19,2,"C",16,5,22,"F",1,2,"","","",22,0
2019,37070211,121086693,1,15-NOV-19,1,"C",16,5,28,"M",1,2,"","","",28,0
2019,37070218,121086712,1,30-DEC-19,1,"M",16,5,50,"M",1,2,"","","",50,0
2019,37070144,121086562,1,31-JAN-19,1,"C",16,5,29,"M",1,2,"","","",29,0
2019,37070145,121086562,2,31-JAN-19,1,"C",16,5,22,"F",1,2,"","","",22,0
2019,37070149,121086569,1,01-JUN-19,2,"C",51,5,27,"M",1,2,"","","",27,0
2019,37062072,121086609,1,06-SEP-19,1,"C",16,5,18,"M",1,2,"","","",18,0
2019,37070190,121086645,1,18-AUG-19,1,"C",27,5,76,"F",1,2,"","","",76,0
2019,37070197,121086659,1,27-AUG-19,1,"M",16,5,34,"M",0,2,"","","",34,0
2019,37074608,121086659,2,27-AUG-19,1,"M",39,5,38,"M",1,1,"","","",38,0
2019,37070160,121086596,1,20-MAR-19,1,"C",27,5,34,"M",1,2,"","","",34,0
2019,37070162,121086601,1,06-AUG-19,2,"M",16,5,41,"M",1,2,"","","",41,0
2019,37070163,121086601,2,06-AUG-19,1,"M",16,5,21,"F",1,2,"","","",21,0
2019,37070165,121086602,2,10-OCT-19,2,"C",16,5,20,"F",1,2,"","","",20,0
2019,37070164,121086602,1,10-OCT-19,2,"C",16,5,17,"M",1,2,"","H","",17,0
2019,37070167,121086604,1,28-JUL-19,1,"M",16,5,19,"M",1,2,"","","",19,0
2019,37062080,121086620,2,13-DEC-19,1,"N",16,5,22,"M",1,2,"","","",22,0
2019,37062079,121086620,1,13-DEC-19,2,"N",16,5,17,"F",1,2,"","R","",17,0
2019,37070187,121086643,1,15-DEC-19,1,"M",16,5,27,"M",1,2,"","","",27,0
2019,37070153,121086581,1,05-OCT-19,2,"C",16,5,19,"M",1,2,"","","",19,0
2019,37070179,121086622,1,22-OCT-19,1,"N",16,5,23,"M",1,2,"","","",23,0
2019,37070183,121086627,1,17-AUG-19,1,"C",16,5,22,"M",1,2,"","","",22,0
2019,37070193,121086649,1,19-SEP-19,1,"M",27,5,32,"M",1,2,"","","",32,0
2019,37062071,121083223,1,05-DEC-19,1,"C",16,5,22,"M",1,2,"","","",22,0
2019,37070172,121086611,1,11-DEC-19,2,"N",51,5,12,"M",1,2,"","R","",12,0
2019,37070173,121086611,2,11-DEC-19,2,"N",51,5,12,"M",1,1,"","R","",12,0
2019,35232662,116442792,1,13-APR-19,1,"N",51,5,32,"F",2,2,"","","",32,0
2019,35217242,116440194,1,19-JAN-19,1,"C",16,5,40,"M",1,2,"","","",40,0
2019,35232676,116442815,1,09-JUL-19,2,"M",5,5,19,"M",1,1,"","","",19,0
2019,35217248,116442825,1,09-JUL-19,2,"M",5,5,19,"M",1,1,"","","",19,0
2019,33984504,113191921,1,16-JUN-19,1,"N",51,5,25,"F",1,2,"","","",25,0
2019,33965386,113191924,1,20-JUN-19,1,"N",51,5,30,"M",1,2,"","","",30,0
2019,35217267,116442882,1,17-JUN-19,1,"C",16,5,58,"F",1,2,"","","",58,0
2019,33804862,112816515,1,13-MAR-19,1,"C",16,5,55,"M",1,1,"","","",55,0
2019,33804871,112816526,1,15-MAR-19,2,"C",21,5,14,"M",2,2,"","R","",14,0
2019,33804884,112816556,2,14-JUN-19,2,"N",51,5,17,"M",1,3,"","H","",17,0
2019,33804883,112816556,1,14-JUN-19,2,"N",51,5,13,"M",1,3,"","H","",13,0
2019,33804867,112816522,1,31-JAN-19,1,"C",16,5,30,"M",1,2,"","","",30,0
2019,31846552,107027250,1,23-JAN-19,1,"C",51,5,34,"F",1,2,"","","",34,0
2019,37701073,122806159,1,13-DEC-19,2,"N",5,5,16,"M",3,2,"","R","",16,0
2019,37704775,122806185,1,09-MAY-19,1,"N",35,5,44,"M",1,2,"R","","",44,0
2019,33799364,112816505,1,13-JUN-19,2,"N",5,5,38,"M",1,3,"R","","",38,0
2019,37704776,122806185,2,09-MAY-19,1,"N",35,5,46,"M",1,2,"R","","",46,0
2019,37697417,122806209,1,23-SEP-19,1,"N",51,5,31,"M",1,2,"","","",31,0
2019,33799371,112813901,1,24-JAN-19,3,"C",16,5,27,"M",1,2,"","","",27,0
2019,33804868,112804825,1,10-JUN-19,1,"M",51,5,31,"F",1,2,"","","",31,0
2019,33802415,112816519,1,15-APR-19,2,"N",5,5,13,"M",1,2,"","R","",13,0
2019,33804870,112816525,1,05-FEB-19,1,"C",16,5,18,"M",1,2,"","","",18,0
2019,33297668,111575170,1,19-APR-19,3,"N",27,5,27,"M",1,3,"","","",27,0
2019,33302698,111575161,1,02-APR-19,1,"N",51,5,34,"F",1,3,"R","","",34,0
2019,33302706,111577783,1,26-APR-19,3,"N",51,5,31,"F",1,3,"R","","",31,0
2019,33306562,111575173,1,17-APR-19,1,"N",35,5,19,"M",1,3,"","","",19,0
2019,33297661,111581797,1,09-APR-19,3,"N",35,5,35,"F",1,3,"","","",35,0
2019,33297664,111577775,2,30-APR-19,2,"N",52,5,18,"M",1,3,"","","",18,0
2019,33302703,111577775,1,13-APR-19,2,"N",35,5,20,"M",1,3,"","","",20,0
2019,33302704,111581811,1,24-APR-19,3,"N",16,5,34,"M",1,3,"","","",34,0
2019,33302719,111577804,1,10-FEB-19,3,"M",16,5,46,"F",1,2,"","","",46,0
2019,33297643,111575113,1,06-FEB-19,2,"C",44,5,7,"M",1,2,"","H","",7,0
2019,33297669,111581809,1,22-APR-19,1,"M",16,5,43,"M",1,3,"","","",43,0
2019,33297696,111577821,1,12-JAN-19,1,"C",44,5,41,"M",1,2,"","","",41,0
2019,35975799,118043045,1,06-OCT-19,3,"N",5,5,18,"F",1,3,"","","",18,0
2019,36359257,119203163,1,01-DEC-19,2,"N",5,5,18,"M",1,3,"","","",18,0
2019,36553669,119791972,1,16-APR-19,1,"C",16,5,28,"M",1,2,"","","",28,0
2019,36359273,119203199,1,08-SEP-19,1,"C",16,5,28,"F",1,2,"","","",28,0
2019,36366980,119203267,1,09-NOV-19,1,"N",48,5,56,"M",1,3,"R","","",56,0
2019,36359335,119203316,1,16-MAY-19,1,"N",51,5,50,"F",1,2,"","","",50,0
2019,36359346,119203338,1,25-AUG-19,2,"M",62,5,27,"F",1,2,"","","",27,0
2019,36359286,119203224,1,04-AUG-19,1,"C",27,5,39,"F",1,2,"","","",39,0
2019,35969507,118043051,1,13-AUG-19,2,"N",16,5,32,"F",1,2,"","","",32,0
2019,36359287,119203226,1,08-OCT-19,1,"N",16,5,31,"M",1,2,"","","",31,0
2019,36359260,119203171,1,05-NOV-19,2,"N",23,5,33,"M",1,1,"R","","",33,0
2019,37074579,121091397,1,01-OCT-19,1,"M",51,5,33,"M",1,2,"","","",33,0
2019,37070148,121086568,1,20-MAY-19,2,"N",16,5,17,"M",1,2,"","H","",17,0
2019,37074607,121091448,1,25-MAY-19,1,"M",5,5,21,"M",1,2,"","","",21,0
2019,37070194,121091452,1,16-JUN-19,2,"N",5,5,52,"M",1,2,"","","",52,0
2019,36366924,119203178,1,22-JUL-19,2,"C",51,5,16,"M",1,2,"","R","",16,0
2019,36359310,119203271,1,24-DEC-19,2,"N",51,5,17,"M",1,3,"R","R","",17,0
2019,36359311,119203271,2,24-DEC-19,2,"N",51,5,17,"M",1,3,"R","R","",17,0
2019,36359323,119203293,1,19-AUG-19,2,"M",16,5,40,"M",1,2,"","","",40,0
2019,36359355,119203354,1,29-AUG-19,2,"C",16,5,13,"M",1,2,"","H","",13,0
2019,36359364,119203377,1,24-NOV-19,2,"N",35,5,43,"M",1,3,"R","","",43,0
2019,34222930,113821897,1,01-JUL-19,2,"N",16,5,17,"M",1,2,"","R","",17,0
2019,34222931,113821899,1,17-MAR-19,1,"C",43,5,28,"M",1,1,"","","",28,0
2019,34214405,113821907,1,02-JUN-19,2,"N",51,5,25,"M",1,2,"","","",25,0
2019,34214406,113821907,2,02-JUN-19,2,"N",51,5,65,"F",1,2,"","","",65,0
2019,34222941,113821914,1,09-JUN-19,1,"N",51,5,15,"M",2,2,"","R","",15,0
2019,31842929,107033115,1,17-JAN-19,2,"C",51,5,13,"M",3,2,"","H","",13,0
2019,33297663,111581801,1,11-APR-19,2,"N",16,5,48,"M",2,2,"N","","",48,0
2019,34222936,113821903,1,24-JAN-19,1,"C",16,5,21,"M",1,2,"","","",21,0
2019,34217506,113816049,1,14-APR-19,1,"C",16,5,18,"M",1,2,"","","",18,0
2019,34217507,113816049,2,14-APR-19,1,"N",16,5,19,"M",1,1,"","","",19,0
2019,34214407,113817954,1,07-MAY-19,1,"C",51,5,20,"F",1,2,"","","",20,0
2019,34217511,113821913,1,05-FEB-19,1,"N",16,5,19,"M",1,2,"","","",19,0
2019,34217516,113816056,1,10-JUL-19,1,"N",16,5,39,"M",1,1,"","","",39,0
2019,33297687,111575197,1,28-JAN-19,1,"C",16,5,39,"F",3,1,"","","",39,0
2019,33799380,112813934,2,20-JUN-19,2,"N",51,5,28,"F",1,,"R","","",28,0
2019,33799379,112813934,1,20-JUN-19,2,"N",51,5,25,"F",1,3,"R","","",25,0
2019,33799381,112813936,1,21-JUN-19,2,"N",16,5,28,"M",1,3,"R","","",28,0
2019,33799382,112813937,1,22-JUN-19,2,"N",35,5,43,"M",4,3,"","","",43,0
2019,33799383,112813938,1,22-JUN-19,1,"N",16,5,23,"F",1,3,"N","","",23,0
2019,33799384,112813940,1,23-JUN-19,1,"N",51,5,31,"M",1,3,"R","","",31,0
2019,33799385,112813952,1,28-JUN-19,1,"N",16,5,30,"F",1,3,"R","","",30,0
2019,33799386,112813953,1,29-JUN-19,1,"N",35,5,19,"M",1,3,"R","","",19,0
2019,33799387,112813955,1,30-JUN-19,2,"N",5,5,36,"F",1,3,"R","","",36,0
2019,33834174,112913210,1,29-JAN-19,2,"C",51,5,15,"M",1,2,"","R","",15,0
2019,33802407,112813886,1,03-JUN-19,2,"N",16,5,16,"M",1,2,"R","H","",16,0
2019,33802408,112813890,1,04-APR-19,2,"C",36,5,23,"F",1,1,"","","",23,0
2019,33799365,112813885,1,01-JUN-19,1,"N",16,5,33,"M",1,3,"","","",33,0
2019,33850610,112913225,1,21-FEB-19,2,"C",23,5,30,"F",1,2,"","","",30,0
2019,33659387,112452871,1,07-MAY-19,1,"N",51,5,52,"M",1,3,"R","","",52,0
2019,33659394,112450083,1,22-MAY-19,1,"N",16,5,34,"M",1,3,"R","","",34,0
2019,33965382,113191907,1,09-JUN-19,2,"N",5,5,22,"M",1,2,"","","",22,0
2019,36579531,119796145,1,21-AUG-19,2,"N",45,5,36,"M",1,2,"","","",36,0
2019,34543469,115242205,1,02-AUG-19,1,"N",16,5,42,"M",1,3,"","","",42,0
2019,35232648,116442787,1,03-MAY-19,1,"C",51,5,54,"M",1,2,"","","",54,0
2019,35688221,117155189,1,17-SEP-19,2,"N",45,5,27,"M",1,3,"R","","",27,0
2019,35688222,117155189,2,17-SEP-19,2,"N",45,5,30,"M",1,3,"R","","",30,0
2019,35688230,117155213,1,22-SEP-19,2,"N",51,5,22,"M",1,3,"","","",22,0
2019,35232675,116442813,1,26-FEB-19,1,"C",51,5,49,"M",1,2,"","","",49,0
2019,35688235,117155235,1,28-AUG-19,2,"C",23,5,27,"M",1,2,"","","",27,0
2019,35688236,117155242,1,29-SEP-19,2,"N",5,5,13,"M",1,3,"R","H","",13,0
2019,35217246,116442820,1,09-JUL-19,2,"M",5,5,19,"M",1,1,"","","",19,0
2019,35688239,117155246,1,30-SEP-19,2,"N",35,5,24,"M",1,,"","","",24,0
2019,35232691,116442845,1,17-JUL-19,1,"N",51,5,50,"F",1,2,"","","",50,0
2019,34221960,113807710,1,02-JUL-19,1,"N",51,5,27,"M",1,3,"","","",27,0
2019,34221961,113807712,1,02-JUL-19,1,"N",51,5,22,"M",1,3,"","","",22,0
2019,34221965,113807728,1,09-JUL-19,1,"N",23,5,43,"F",1,3,"N","","",43,0
2019,34221967,113807729,2,09-JUL-19,2,"N",5,5,17,"M",1,3,"R","R","",17,0
2019,34221966,113807729,1,09-JUL-19,2,"N",5,5,18,"M",1,3,"R","","",18,0
2019,34221968,113807734,1,24-JUL-19,2,"N",51,5,49,"M",1,3,"","","",49,0
2019,34221969,113807735,1,24-JUL-19,2,"N",23,5,15,"M",1,3,"","R","",15,0
2019,34221970,113807740,1,13-JUL-19,1,"N",48,5,27,"M",1,3,"","","",27,0
2019,34221971,113807743,1,15-JUL-19,2,"N",48,5,38,"M",1,3,"","","",38,0
2019,34221973,113807745,1,14-JUL-19,1,"N",27,5,39,"M",2,2,"","","",39,0
2019,34221974,113807746,1,15-JUL-19,3,"N",48,5,38,"M",1,3,"","","",38,0
2019,34221975,113807747,1,16-JUL-19,2,"N",28,5,57,"M",1,3,"","","",57,0
2019,34221976,113807748,1,16-JUL-19,1,"N",51,5,19,"F",1,3,"R","","",19,0
2019,34221977,113807749,1,17-JUL-19,1,"C",48,5,28,"M",1,3,"R","","",28,0
2019,34221982,113807752,1,20-JUL-19,1,"N",51,5,62,"F",1,3,"R","","",62,0
2019,34221983,113807753,1,21-JUL-19,1,"N",48,5,36,"M",1,3,"N","","",36,0
2019,34221984,113807754,1,21-JUL-19,1,"N",35,5,41,"M",1,3,"","","",41,0
2019,34221985,113807757,1,23-JUL-19,2,"N",35,5,20,"M",1,,"","","",20,0
2019,34221986,113807757,2,23-JUL-19,2,"N",16,5,19,"F",1,3,"","","",19,0
2019,34221987,113807759,1,26-JUL-19,1,"N",51,5,27,"M",1,3,"","","",27,0
2019,34221988,113807760,1,26-JUL-19,1,"N",27,5,36,"M",1,3,"","","",36,0
2019,34221990,113807766,1,27-JUL-19,2,"N",35,5,28,"M",1,,"N","","",28,0
2019,34221992,113807774,1,31-JUL-19,2,"N",51,5,18,"F",1,,"","","",18,0
2019,34217505,113821908,1,21-FEB-19,2,"C",41,5,14,"M",2,2,"","R","",14,0
2019,37697416,122806204,1,13-SEP-19,3,"N",16,5,38,"M",1,2,"","","",38,0
2019,37697421,122804641,1,23-APR-19,1,"N",48,5,31,"M",1,1,"R","","",31,0
2019,37697427,122804651,1,14-JUL-19,1,"N",10,5,38,"M",1,2,"","","",38,0
2019,37701107,122804653,3,19-JUL-19,2,"N",23,5,16,"M",1,2,"R","H","",16,0
2019,37697428,122804653,1,19-JUL-19,2,"N",23,5,17,"M",1,2,"R","H","",17,0
2019,37701106,122804653,2,19-JUL-19,2,"N",23,5,16,"M",1,2,"R","H","",16,0
2019,37697430,122804659,1,27-JUL-19,2,"N",23,5,29,"M",1,2,"R","","",29,0
2019,37697431,122804660,1,28-JUL-19,3,"N",35,5,34,"F",1,2,"R","","",34,0
2019,34555189,115232960,1,07-AUG-19,2,"N",48,5,26,"M",1,3,"R","","",26,0
2019,34555192,115242246,1,10-AUG-19,2,"N",23,5,29,"M",1,3,"R","","",29,0
2019,34555181,115242212,1,02-AUG-19,2,"N",51,5,36,"M",1,3,"","","",36,0
2019,34555171,115242195,1,05-AUG-19,2,"N",45,5,12,"M",1,,"","R","",12,0
2019,33984503,113201674,1,01-FEB-19,2,"N",51,5,58,"M",1,1,"","","",58,0
2019,33855033,112903789,1,01-MAR-19,1,"C",23,5,36,"F",1,1,"","","",36,0
2019,33855035,112903794,1,11-FEB-19,1,"C",16,5,21,"M",1,2,"","","",21,0
2019,33834180,112909704,1,11-JAN-19,2,"C",16,5,18,"F",1,2,"","","",18,0
2019,33850596,112909704,2,11-JAN-19,1,"C",16,5,25,"M",2,2,"","","",25,0
2019,33855037,112903795,1,07-MAR-19,1,"C",16,5,30,"M",1,2,"","","",30,0
2019,33855039,112903797,1,06-MAY-19,2,"C",45,5,13,"M",1,2,"","H","",13,0
2019,33855049,112903815,1,22-FEB-19,1,"C",29,5,46,"M",1,2,"","","",46,0
2019,33850616,112903825,1,28-FEB-19,2,"C",16,5,53,"M",1,2,"","","",53,0
2019,34217515,113816054,1,14-JUN-19,1,"N",16,5,23,"M",1,2,"","","",23,0
2019,35232656,116440164,1,09-MAY-19,2,"N",23,5,41,"M",1,2,"","","",41,0
2019,35232671,116434569,1,09-JUL-19,2,"M",5,5,19,"M",1,1,"","","",19,0
2019,34543474,115242219,1,04-AUG-19,2,"N",51,5,32,"M",1,3,"R","","",32,0
2019,34543478,115237240,1,05-AUG-19,2,"N",51,5,41,"M",1,,"","","",41,0
2019,34555196,115232968,1,09-AUG-19,1,"N",16,5,37,"M",1,3,"","","",37,0
2019,34555197,115242251,1,09-AUG-19,1,"N",23,5,20,"M",1,3,"","","",20,0
2019,34555199,115242251,2,09-AUG-19,2,"N",23,5,19,"F",1,,"","","",19,0
2019,37074582,121091401,1,14-JUL-19,1,"N",16,5,30,"M",1,2,"","","",30,0
2019,37074597,121091432,1,18-JAN-19,1,"C",16,5,30,"M",1,2,"","","",30,0
2019,37074609,121091458,1,07-NOV-19,2,"N",16,5,30,"M",1,2,"","","",30,0
2019,37074614,121091470,1,25-OCT-19,2,"C",62,5,46,"F",1,2,"","","",46,0
2019,37074615,121091472,1,14-DEC-19,2,"M",16,5,29,"M",1,2,"","","",29,0
2019,37074623,121091484,1,20-DEC-19,2,"C",16,5,22,"M",1,2,"","","",22,0
2019,37074628,121091495,1,22-NOV-19,1,"M",51,5,18,"M",1,2,"","","",18,0
2019,36359303,119203259,1,17-OCT-19,2,"N",16,5,18,"M",1,2,"","","",18,0
2019,36359314,119203275,1,10-NOV-19,2,"N",16,5,21,"M",2,2,"R","","",21,0
2019,36359344,119203333,1,27-MAY-19,1,"C",14,5,18,"F",1,2,"","","",18,0
2019,36359349,119203342,1,28-AUG-19,2,"C",23,5,39,"F",1,2,"","","",39,0
2019,36366977,119203254,1,10-JUN-19,3,"C",16,5,33,"M",1,2,"","","",33,0
2019,36359320,119203284,1,14-DEC-19,2,"N",51,5,18,"M",1,3,"","","",18,0
2019,36359325,119203299,1,15-AUG-19,1,"C",51,5,44,"M",0,2,"","","",44,0
2019,36359340,119203329,1,16-DEC-19,2,"N",23,5,40,"F",1,3,"R","","",40,0
2019,36359348,119203341,3,22-NOV-19,2,"N",48,5,17,"M",1,3,"","H","",17,0
2019,36367003,119203341,1,22-NOV-19,2,"N",23,5,16,"F",1,3,"","H","",16,0
2019,36359347,119203341,2,22-NOV-19,2,"N",48,5,22,"M",1,1,"","","",22,0
2019,36359352,119203347,1,19-NOV-19,1,"N",44,5,27,"M",1,1,"","","",27,0
2019,36553699,119796164,1,27-NOV-19,2,"N",16,5,37,"M",1,2,"","","",37,0
2019,36359280,119203215,1,13-FEB-19,2,"C",16,5,17,"F",1,2,"","R","",17,0
2019,36359284,119203222,1,21-JUL-19,3,"N",16,5,29,"F",8,2,"","","",29,0
2019,36359292,119203233,1,07-OCT-19,2,"C",16,5,14,"F",1,1,"","H","",14,0
2019,36359326,119203300,1,23-OCT-19,2,"C",16,5,44,"M",1,2,"","","",44,0
2019,36359332,119203310,1,23-JAN-19,1,"C",16,5,29,"M",1,2,"","","",29,0
2019,36359343,119203332,1,20-SEP-19,2,"C",39,5,56,"M",1,2,"","","",56,0
2019,36359350,119203344,1,22-DEC-19,2,"N",51,5,36,"M",1,3,"","","",36,0
2019,36359361,119203364,1,23-NOV-19,1,"N",48,5,32,"F",1,3,"","","",32,0
2019,36359366,119203382,1,28-NOV-19,1,"N",35,5,48,"F",1,3,"R","","",48,0
2019,37070140,121086557,1,08-FEB-19,2,"C",51,5,15,"M",1,1,"","H","",15,0
2019,37070142,121086559,1,15-JUN-19,1,"N",16,5,18,"M",1,2,"","","",18,0
2019,35975795,118047336,1,02-OCT-19,2,"N",23,5,19,"M",1,3,"","","",19,0
2019,35979510,118047353,1,18-APR-19,1,"M",16,5,33,"F",1,2,"","","",33,0
2019,35971266,118038591,1,30-APR-19,1,"C",16,5,20,"M",1,2,"","","",20,0
2019,36359293,119203237,1,01-JUL-19,1,"M",16,5,30,"F",1,2,"","","",30,0
2019,36359300,119203257,1,07-JUL-19,1,"M",16,5,21,"M",1,2,"","","",21,0
2019,36359305,119203261,1,22-MAR-19,1,"N",16,5,26,"M",1,2,"","","",26,0
2019,36359316,119203277,1,13-DEC-19,1,"N",35,5,52,"M",1,3,"","","",52,0
2019,35217237,116440188,1,17-AUG-19,2,"N",45,5,18,"M",1,2,"","","",18,0
2019,35232661,116440167,1,12-JAN-19,2,"C",36,5,27,"M",1,2,"","","",27,0
2019,35236284,116440175,2,09-JAN-19,1,"C",16,5,19,"F",1,1,"","","",19,0
2019,35236285,116440175,3,09-JAN-19,1,"C",16,5,19,"M",1,2,"","","",19,0
2019,35232666,116440175,4,09-JAN-19,1,"C",16,5,18,"M",1,2,"","","",18,0
2019,35236283,116440175,1,09-JAN-19,2,"C",16,5,38,"F",1,2,"","","",38,0
2019,35236289,116440188,2,17-AUG-19,2,"N",45,5,20,"M",1,2,"","","",20,0
2019,35217230,116440179,1,09-JUL-19,2,"M",5,5,19,"M",1,1,"","","",19,0
2019,35232670,116440185,1,09-JUL-19,2,"M",5,5,19,"M",1,1,"","","",19,0
2019,35217231,116434563,1,02-JUL-19,1,"C",16,5,44,"F",1,2,"","","",44,0
2019,35232642,116440146,1,01-AUG-19,3,"N",16,5,26,"M",1,1,"","","",26,0
2019,35232647,116440152,1,03-FEB-19,1,"C",16,5,18,"F",1,2,"","","",18,0
2019,35232694,116442852,1,22-JUL-19,1,"M",16,5,37,"M",8,2,"","","",37,0
2019,35217259,116440248,1,28-JUL-19,1,"C",16,5,30,"M",1,2,"","","",30,0
2019,35217226,116440172,1,31-MAY-19,2,"N",16,5,34,"M",1,2,"","","",34,0
2019,35979518,118043066,1,07-OCT-19,2,"N",35,5,31,"F",1,3,"R","","",31,0
2019,35975813,118043068,1,08-OCT-19,1,"N",16,5,31,"M",1,3,"","","",31,0
2019,35975814,118043068,2,08-OCT-19,1,"N",48,5,35,"F",1,3,"","","",35,0
2019,35975816,118043073,1,30-JUL-19,2,"C",62,5,55,"M",2,2,"","","",55,0
2019,35975817,118043074,1,18-OCT-19,2,"N",48,5,55,"M",1,3,"N","","",55,0
2019,35975822,118043086,1,28-OCT-19,1,"N",51,5,38,"M",1,3,"","","",38,0
2019,36359279,119203213,1,20-FEB-19,2,"C",45,5,58,"M",1,2,"","","",58,0
2019,36366982,119203272,1,15-JUL-19,1,"C",16,5,27,"M",1,2,"","","",27,0
2019,36359328,119210371,1,14-MAY-19,2,"C",23,5,55,"F",1,2,"","","",55,0
2019,36359331,119203306,1,10-SEP-19,2,"N",16,5,63,"M",1,2,"","","",63,0
2019,36359345,119203334,1,17-NOV-19,1,"N",48,5,21,"M",3,2,"","","",21,0
2019,36359356,119203355,1,23-DEC-19,1,"N",23,5,58,"F",1,3,"","","",58,0
2019,36359358,119203361,1,21-NOV-19,3,"N",16,5,26,"M",1,3,"R","","",26,0
2019,36359365,119203381,1,26-NOV-19,1,"N",16,5,29,"M",1,3,"","","",29,0
2019,36579520,119791968,1,22-DEC-19,1,"C",16,5,38,"F",1,2,"N","","",38,0
2019,36553682,119791997,1,18-MAY-19,1,"C",16,5,62,"M",1,1,"","","",62,0
2019,35232664,116440169,1,10-AUG-19,1,"N",27,5,20,"M",1,2,"","","",20,0
2019,35975801,118038578,1,09-JUL-19,2,"C",5,5,19,"M",1,1,"","","",19,0
2019,35975797,118038567,2,06-JUL-19,1,"N",16,5,34,"F",1,2,"","","",34,0
2019,35975793,118038561,1,31-OCT-19,3,"N",51,5,48,"M",1,3,"","","",48,0
2019,35971249,118038562,1,12-JUN-19,1,"N",16,5,42,"M",3,2,"","","",42,0
2019,35971250,118047337,2,02-SEP-19,2,"N",51,5,35,"F",1,2,"R","","",35,0
2019,35969494,118047337,1,02-SEP-19,2,"N",51,5,34,"M",1,2,"R","","",34,0
2019,35979511,118038587,1,04-OCT-19,1,"C",48,5,38,"M",1,3,"R","","",38,0
2019,35975796,118038567,1,06-JUL-19,1,"N",16,5,38,"M",1,2,"","","",38,0
2019,35979525,118038622,1,10-OCT-19,1,"N",51,5,28,"F",1,3,"","","",28,0
2019,35971278,118047381,1,16-OCT-19,1,"N",35,5,20,"M",1,2,"","","",20,0
2019,35979534,118038640,1,12-SEP-19,2,"C",45,5,69,"M",1,2,"","","",69,0
2019,35969502,118038571,1,14-MAR-19,1,"N",16,5,25,"F",1,2,"","","",25,0
2019,35971262,118047352,1,23-FEB-19,2,"C",16,5,21,"M",1,2,"","","",21,0
2019,35971270,118038603,1,06-OCT-19,2,"N",48,5,41,"F",1,3,"R","","",41,0
2019,35971277,118038624,1,13-OCT-19,1,"N",51,5,31,"M",1,3,"","","",31,0
2019,35971281,118047383,2,19-OCT-19,2,"N",16,5,35,"M",1,,"N","","",35,0
2019,35971280,118047383,1,18-OCT-19,3,"N",48,5,32,"M",1,3,"R","","",32,0
2019,35979543,118038661,1,19-AUG-19,2,"N",16,5,15,"M",1,2,"","R","",15,0
2019,35979544,118038661,2,19-AUG-19,2,"N",16,5,17,"M",1,2,"","R","",17,0
2019,35979548,118038667,1,05-SEP-19,2,"C",28,5,27,"M",1,2,"","","",27,0
2019,35975798,118038569,1,05-APR-19,1,"C",45,5,18,"M",3,2,"","","",18,0
2019,35971285,118038645,1,16-SEP-19,1,"C",5,5,25,"F",1,2,"","","",25,0
2019,34550430,115242207,1,16-AUG-19,2,"N",23,5,32,"F",1,3,"","","",32,0
2019,33855036,112913219,1,02-MAR-19,1,"C",16,5,27,"M",1,2,"","","",27,0
2019,33855042,112903800,1,07-JUN-19,1,"C",16,5,49,"M",1,2,"","","",49,0
2019,33850612,112903811,1,27-MAR-19,2,"C",16,5,38,"F",1,2,"","","",38,0
2019,37074602,121083228,2,12-MAY-19,2,"C",16,5,14,"M",1,2,"","R","",14,0
2019,37062066,121083216,1,16-JUL-19,1,"M",16,5,37,"M",1,2,"","","",37,0
2019,37062068,121083220,1,03-SEP-19,3,"M",51,5,56,"M",1,2,"","","",56,0
2019,37074603,121083228,3,12-MAY-19,2,"C",16,5,16,"M",1,2,"","R","",16,0
2019,37074601,121083228,1,12-MAY-19,2,"C",16,5,16,"M",1,2,"","R","",16,0
2019,33302702,111581800,1,10-APR-19,3,"N",48,5,32,"F",1,3,"","","",32,0
2019,33306564,111575175,1,25-APR-19,2,"N",48,5,31,"M",1,1,"","","",31,0
2019,33306565,111577782,1,25-APR-19,1,"N",45,5,68,"M",1,3,"R","","",68,0
2019,33297693,111575212,1,01-JAN-19,1,"C",16,5,41,"M",1,2,"","","",41,0
2019,36553671,119801105,2,29-DEC-19,2,"C",51,5,29,"F",1,2,"R","","",29,0
2019,36584508,119801105,1,29-DEC-19,1,"C",51,5,33,"M",1,2,"R","","",33,0
2019,37074576,121091394,1,19-FEB-19,1,"C",16,5,46,"F",1,2,"","","",46,0
2019,37074590,121091419,1,25-DEC-19,1,"N",51,5,29,"M",1,1,"","","",29,0
2019,37704752,122804581,1,17-APR-19,1,"C",16,5,35,"M",1,2,"","","",35,0
2019,37701065,122806144,2,13-SEP-19,1,"N",16,5,37,"M",1,2,"","","",37,0
2019,37704758,122806144,1,13-SEP-19,2,"N",16,5,30,"F",1,2,"","","",30,0
2019,37697404,122804591,1,20-SEP-19,2,"N",5,5,32,"M",1,2,"N","","",32,0
2019,37704768,122806164,1,23-MAY-19,1,"C",49,5,16,"M",1,2,"","H","",16,0
2019,37697410,122806173,1,10-AUG-19,2,"N",23,5,37,"M",1,2,"R","","",37,0
2019,37697411,122806179,1,06-OCT-19,1,"N",27,5,20,"F",1,2,"R","","",20,0
2019,37701091,122806186,3,09-JUN-19,2,"N",16,5,17,"M",1,2,"R","H","",17,0
2019,37701090,122806186,2,09-JUN-19,1,"N",52,5,18,"M",1,2,"R","","",18,0
2019,37701089,122806186,1,09-JUN-19,1,"N",16,5,18,"M",1,2,"R","","",18,0
2019,37704779,122806193,1,11-JUN-19,3,"N",16,5,42,"M",3,2,"R","","",42,0
2019,37704788,122806211,1,15-JUN-19,2,"N",35,5,30,"M",1,2,"R","","",30,0
2019,37062069,121091424,1,11-MAY-19,2,"C",51,5,15,"M",1,2,"","H","",15,0
2019,37070200,121086669,1,20-DEC-19,2,"N",51,5,16,"M",1,1,"","R","",16,0
2019,37070201,121086669,2,20-DEC-19,2,"N",51,5,17,"M",1,2,"","R","",17,0
2019,37704778,122806192,1,01-NOV-19,2,"N",14,5,31,"M",1,2,"","","",31,0
2019,37704786,122806202,1,11-AUG-19,1,"N",51,5,19,"M",1,1,"R","","",19,0
2019,37697419,122806216,1,26-AUG-19,1,"N",43,5,66,"M",1,2,"","","",66,0
2019,37697409,122806157,1,02-APR-19,1,"N",23,5,19,"M",1,2,"R","","",19,0
2019,37701079,122806166,1,18-APR-19,2,"N",51,5,28,"F",1,2,"","","",28,0
2019,37701066,122799314,1,01-DEC-19,2,"N",16,5,17,"M",1,2,"","R","",17,0
2019,37697414,122799356,1,02-NOV-19,2,"N",44,5,40,"M",1,2,"","","",40,0
2019,37697425,122799381,1,29-MAY-19,2,"N",35,5,41,"F",1,2,"R","","",41,0
2019,37701108,122799397,1,25-AUG-19,1,"N",22,5,32,"M",1,2,"R","","",32,0
2019,37701112,122799403,1,31-JUL-19,2,"N",23,5,19,"M",2,2,"R","","",19,0
2019,37701068,122804590,1,04-MAY-19,1,"N",51,5,24,"M",1,2,"","","",24,0
2019,37704759,122804589,1,17-SEP-19,2,"M",21,5,16,"M",1,1,"","H","",16,0
2019,37701099,122799370,1,14-JUN-19,2,"N",51,5,47,"M",1,2,"R","","",47,0
2019,37701100,122799371,1,12-AUG-19,1,"N",51,5,35,"M",1,2,"R","","",35,0
2019,37070166,121086603,1,23-JAN-19,2,"C",16,5,40,"M",1,2,"","","",40,0
2019,37074581,121091402,1,01-NOV-19,2,"C",23,5,15,"M",1,2,"","H","",15,0
2019,37074592,121091420,2,13-JAN-19,2,"C",16,5,20,"M",1,2,"","","",20,0
2019,37074591,121091420,1,13-JAN-19,2,"C",16,5,19,"M",1,2,"","","",19,0
2019,37074606,121091445,1,19-OCT-19,2,"C",16,5,16,"M",1,2,"","H","",16,0
2019,37701072,122799327,1,06-MAY-19,1,"N",16,5,60,"F",1,2,"R","","",60,0
2019,37701071,122799323,1,04-JUN-19,2,"N",45,5,34,"M",1,1,"R","","",34,0
2019,37704757,122799311,1,23-NOV-19,1,"C",16,5,41,"M",1,2,"","","",41,0
2019,37701084,122806176,1,23-APR-19,1,"N",49,5,64,"M",1,1,"","","",64,0
2019,37701067,122799315,1,14-OCT-19,1,"N",27,5,41,"M",1,2,"","","",41,0
2019,37704767,122799331,1,13-OCT-19,3,"C",51,5,23,"F",1,2,"","","",23,0
2019,37701101,122799373,1,22-AUG-19,2,"C",16,5,37,"M",1,2,"","","",37,0
2019,37704790,122806213,2,29-OCT-19,2,"N",35,5,24,"F",1,2,"R","","",24,0
2019,37704789,122806213,1,27-OCT-19,1,"N",51,5,28,"F",1,2,"R","","",28,0
2019,37701105,122799380,1,17-JUN-19,2,"N",48,5,58,"F",1,2,"R","","",58,0
2019,37701083,122799344,1,16-SEP-19,2,"N",39,5,18,"M",1,2,"R","","",18,0
2019,37701094,122799363,1,13-NOV-19,1,"N",27,5,60,"F",1,2,"","","",60,0
2019,37704771,122799343,1,06-APR-19,1,"N",16,5,43,"M",1,1,"N","","",43,0
2019,37697402,122799312,2,27-AUG-19,2,"N",5,5,17,"M",1,2,"N","H","",17,0
2019,37704756,122799312,1,27-AUG-19,2,"N",5,5,20,"M",1,2,"N","","",20,0
2019,37701078,122799333,1,03-NOV-19,1,"C",39,5,45,"M",1,2,"","","",45,0
2019,37701087,122799355,1,14-SEP-19,1,"N",48,5,28,"M",1,1,"R","","",28,0
2019,37701096,122799367,1,17-SEP-19,2,"N",45,5,28,"F",1,2,"R","","",28,0
2019,37701103,122799376,1,17-AUG-19,1,"N",51,5,35,"M",1,2,"R","","",35,0
