DATA_YEAR,ARRESTEE_ID,INCIDENT_ID,ARRESTEE_SEQ_NUM,ARREST_DATE,ARREST_TYPE_ID,MULTIPLE_INDICATOR,OFFENSE_TYPE_ID,AGE_ID,AGE_NUM,SEX_CODE,RACE_ID,ETHNICITY_ID,RESIDENT_CODE,UNDER_18_DISPOSITION_CODE,CLEARANCE_IND,AGE_RANGE_LOW_NUM,AGE_RANGE_HIGH_NUM
2019,37684037,122784210,1,2-May-19,1,C,28,5,27,M,1,2,N,,,27,0
2019,37686953,122777453,1,3-Jun-19,1,C,16,5,27,F,1,2,N,,,27,0
2019,37693737,122784232,1,4-Mar-19,1,C,23,5,39,M,2,2,N,,,39,0
2019,37693768,122773324,1,5-Mar-19,1,C,16,5,37,M,1,2,N,,,37,0
2019,37687018,122777523,1,8-Sep-19,1,C,51,5,23,F,1,2,R,,,23,0
2019,37693792,122773347,1,7-Mar-19,1,C,23,5,39,F,1,2,N,,,39,0
2019,37693800,122784263,4,13-Jan-19,1,C,23,5,17,M,2,2,N,H,,17,0
2019,37687034,122784263,2,13-Jan-19,1,C,23,5,17,M,2,2,N,H,,17,0
2019,37687035,122784263,3,13-Jan-19,1,M,23,5,18,M,2,2,N,,,18,0
2019,37693801,122784263,1,13-Jan-19,1,C,23,5,16,M,2,2,N,H,,16,0
2019,37693841,122784289,1,6-May-19,1,C,23,5,30,F,1,2,N,,,30,0
2019,37693860,122784302,1,11-Sep-19,1,C,27,5,34,F,1,2,N,,,34,0
2019,37687093,122784314,1,6-Jul-19,1,C,16,5,36,M,1,2,R,,,36,0
2019,37693887,122784317,1,9-Aug-19,1,C,16,5,23,F,2,2,N,,,23,0
2019,37693901,122773445,1,14-Sep-19,1,C,23,5,29,M,1,2,R,,,29,0
2019,37693902,122784331,1,11-Apr-19,1,C,23,5,56,M,1,2,R,,,56,0
2019,37687121,122784346,1,11-Aug-19,1,C,16,5,19,M,1,1,N,,,19,0
2019,37687128,122784353,1,15-Sep-19,1,C,23,5,23,M,2,2,R,,,23,0
2019,37684215,122784364,1,20-Jun-19,1,N,23,5,31,M,1,2,N,,,31,0
2019,37684216,122784365,1,15-Apr-19,1,C,23,5,34,M,2,2,N,,,34,0
2019,37693992,122773521,1,11-Feb-19,1,C,23,5,42,M,1,2,R,,,42,0
2019,37684225,122784379,1,14-May-19,1,N,16,5,26,M,1,2,N,,,26,0
2019,37687205,122784382,1,20-Sep-19,1,C,16,5,30,M,2,2,N,,,30,0
2019,37684259,122784407,1,14-Mar-19,1,C,23,5,22,F,2,2,N,,,22,0
2019,37684264,122784414,1,18-Apr-19,1,C,23,5,19,F,2,2,N,,,19,0
2019,37694059,122773580,1,22-Jan-19,1,C,16,5,29,M,1,2,N,,,29,0
2019,37687256,122773585,1,23-Sep-19,1,N,51,5,17,F,2,2,R,H,,17,0
2019,37694080,122784436,1,22-Aug-19,1,C,16,5,20,M,2,2,N,,,20,0
2019,37684289,122784437,1,19-Apr-19,1,N,16,5,19,M,2,2,R,,,19,0
2019,37694101,122784451,1,15-Feb-19,1,N,16,5,22,M,1,1,N,,,22,0
2019,37684301,122784452,2,24-Sep-19,1,C,23,5,39,F,2,2,N,,,39,0
2019,37684300,122784452,1,24-Sep-19,1,C,23,5,40,M,2,2,N,,,40,0
2019,37694114,122784458,1,21-May-19,1,C,39,5,31,F,2,2,N,,,31,0
2019,37684318,122784467,1,15-Feb-19,1,C,16,5,31,F,1,2,N,,,31,0
2019,37684324,122784472,1,24-Apr-19,1,C,27,5,18,M,2,2,N,,,18,0
2019,37684328,122784473,1,26-Sep-19,1,C,23,5,36,M,2,2,N,,,36,0
2019,37687325,122777824,1,17-Mar-19,1,C,28,5,47,M,2,2,N,,,47,0
2019,37684332,122784475,1,24-Apr-19,1,N,23,5,36,M,2,2,N,,,36,0
2019,37684035,122784208,2,6-Jan-19,1,M,23,5,39,F,2,2,N,,,39,0
2019,37684036,122784208,1,6-Jan-19,1,M,23,5,29,F,2,2,N,,,29,0
2019,37686966,122784223,1,3-Apr-19,1,C,16,5,33,M,1,2,N,,,33,0
2019,37693733,122773291,1,4-May-19,1,C,16,5,22,M,2,2,N,,,22,0
2019,37693734,122773291,2,4-May-19,1,C,16,5,19,F,2,2,N,,,19,0
2019,37684062,122784229,1,5-Jun-19,1,C,39,5,32,M,1,2,R,,,32,0
2019,37693752,122784240,1,2-Jul-19,1,C,16,5,25,M,1,,R,,,25,0
2019,37684073,122784240,2,2-Jul-19,1,C,16,5,38,F,1,2,R,,,38,0
2019,37684091,122773332,1,5-May-19,1,M,23,5,39,M,1,2,N,,,39,0
2019,37684097,122784254,1,4-Feb-19,1,C,23,5,26,M,2,2,R,,,26,0
2019,37687024,122784258,1,5-Aug-19,1,C,16,5,57,F,1,2,N,,,57,0
2019,37693796,122784261,1,5-Feb-19,1,C,23,5,32,F,2,2,R,,,32,0
2019,37684107,122784265,1,26-Mar-19,3,C,23,5,21,F,2,2,N,,,21,0
2019,37684112,122784269,2,5-Feb-19,1,C,16,5,24,M,1,1,N,,,24,0
2019,37684111,122784269,1,5-Feb-19,1,C,16,5,31,M,1,1,N,,,31,0
2019,37684128,122784282,1,6-Apr-19,1,C,51,5,39,F,1,2,R,,,39,0
2019,37684133,122784286,1,6-Aug-19,1,C,51,5,47,M,2,2,N,,,47,0
2019,37687068,122777567,1,9-Mar-19,3,C,35,5,30,M,1,2,N,,,30,0
2019,37687067,122777567,2,9-Mar-19,1,C,48,5,47,F,1,2,N,,,47,0
2019,37693858,122773407,1,8-Aug-19,1,C,28,5,48,M,1,2,R,,,48,0
2019,37684156,122777600,1,13-Sep-19,1,C,16,5,43,F,1,2,N,,,43,0
2019,37684173,122784326,1,15-Jun-19,1,C,39,5,42,M,1,2,R,,,42,0
2019,37684184,122784338,1,11-Apr-19,1,C,11,5,35,M,1,2,N,,,35,0
2019,37684186,122784340,1,8-Jul-19,1,M,23,5,54,M,1,2,N,,,54,0
2019,37684203,122784355,1,11-Mar-19,1,C,51,5,35,M,2,2,R,,,35,0
2019,37684222,122784376,1,21-Jun-19,3,C,23,5,35,M,1,2,R,,,35,0
2019,37687198,122777709,1,12-Jul-19,1,C,23,5,27,M,1,2,N,,,27,0
2019,37694005,122784383,1,11-Feb-19,1,C,23,5,16,F,2,2,R,H,,16,0
2019,37694004,122784383,2,11-Feb-19,1,C,23,5,18,F,2,2,R,,,18,0
2019,37694006,122784383,3,11-Feb-19,1,C,23,5,15,M,2,2,R,H,,15,0
2019,37684233,122784391,1,15-May-19,1,C,16,5,38,M,1,2,N,,,38,0
2019,37684245,122784397,1,21-Sep-19,1,C,23,5,51,M,1,2,N,,,51,0
2019,37684257,122784403,1,12-Feb-19,1,C,23,5,21,M,2,2,N,,,21,0
2019,37684258,122784403,2,12-Feb-19,1,C,23,5,23,M,2,2,N,,,23,0
2019,37684278,122784425,1,18-May-19,1,N,16,5,71,F,1,2,R,,,71,0
2019,37684282,122784428,1,18-May-19,1,C,23,5,29,F,2,2,N,,,29,0
2019,37684281,122784428,2,18-May-19,1,C,23,5,22,F,2,2,N,,,22,0
2019,37687267,122777777,1,22-Aug-19,1,C,39,5,20,M,2,,N,,,20,0
2019,37684291,122784440,1,16-Jul-19,1,C,27,5,18,F,2,2,R,,,18,0
2019,37694088,122773609,1,24-Sep-19,1,C,16,5,24,F,1,2,N,,,24,0
2019,37694112,122784457,1,14-Aug-19,3,C,28,5,38,F,2,2,N,,,38,0
2019,37694126,122784469,1,14-Feb-19,3,N,23,5,20,M,1,2,N,,,20,0
2019,37684336,122784478,1,17-Mar-19,1,C,35,5,30,M,1,2,N,,,30,0
2019,37684338,122784481,1,22-May-19,1,N,23,5,18,F,1,2,R,,,18,0
2019,37684351,122784496,1,23-May-19,1,N,23,5,58,F,1,2,N,,,58,0
2019,37684354,122784497,1,28-Sep-19,1,C,23,5,13,M,2,2,R,H,,13,0
2019,37684360,122784502,1,26-Jan-19,1,C,16,5,19,M,2,2,N,,,19,0
2019,37694182,122784506,1,26-Apr-19,1,N,23,5,48,F,1,2,R,,,48,0
2019,37684380,122784519,1,7-Mar-19,3,C,51,5,41,M,2,2,N,,,41,0
2019,37694212,122784521,1,26-May-19,1,C,23,5,58,M,2,2,N,,,58,0
2019,37694221,122784524,1,27-Aug-19,1,C,51,5,42,F,1,2,N,,,42,0
2019,37694232,122777896,1,20-Jul-19,1,C,23,5,17,M,1,,N,H,,17,0
2019,37694231,122777896,2,20-Jul-19,1,C,23,5,17,M,1,,N,H,,17,0
2019,37694235,122784527,1,4-Apr-19,3,C,49,5,19,M,2,2,N,,,19,0
2019,37686907,122777417,1,2-Sep-19,1,C,35,5,40,M,1,2,N,,,40,0
2019,37684023,122784192,1,2-May-19,1,C,51,5,17,F,2,2,R,H,,17,0
2019,37693717,122784201,1,2-Sep-19,1,C,16,5,30,M,1,2,N,,,30,0
2019,37684052,122784220,1,4-Jun-19,1,C,16,5,20,M,2,,N,,,20,0
2019,37693745,122773299,2,3-Aug-19,1,C,35,5,26,M,2,2,N,,,26,0
2019,37693744,122773299,1,3-Aug-19,1,M,39,5,26,M,2,2,N,,,26,0
2019,37684082,122784245,1,4-Apr-19,1,C,23,5,24,M,2,2,N,,,24,0
2019,37693786,122784255,1,4-Aug-19,1,C,51,5,24,M,1,2,R,,,24,0
2019,37684105,122784266,1,6-Apr-19,1,C,16,5,47,M,2,2,N,,,47,0
2019,37693850,122784297,1,7-Aug-19,1,C,23,5,39,F,1,2,R,,,39,0
2019,37693865,122784305,1,6-Jul-19,1,C,16,5,38,M,2,2,N,,,38,0
2019,37687089,122784306,1,9-Mar-19,1,C,23,5,20,F,2,2,N,,,20,0
2019,37693879,122784308,1,15-Jan-19,1,N,11,5,54,M,1,2,N,,,54,0
2019,37684155,122784311,1,7-Feb-19,1,C,28,5,40,M,2,2,N,,,40,0
2019,37687104,122784324,1,11-Apr-19,1,N,16,5,31,M,2,2,N,,,31,0
2019,37684176,122784329,1,10-Aug-19,1,C,16,5,21,M,2,2,N,,,21,0
2019,37687122,122784347,1,8-Jul-19,1,M,16,5,54,M,1,2,N,,,54,0
2019,37684190,122784348,1,17-Jan-19,3,C,51,5,24,F,1,2,N,,,24,0
2019,37684217,122784367,1,18-Jan-19,1,M,16,5,28,F,1,3,N,,,28,0
2019,37693980,122784372,1,19-Sep-19,1,C,23,5,61,M,1,2,R,,,61,0
2019,37684221,122784375,1,12-Jul-19,1,C,39,5,28,M,2,,N,,,28,0
2019,37694007,122784387,2,17-Apr-19,1,C,16,5,42,F,1,2,N,,,42,0
2019,37694009,122784387,1,17-Apr-19,1,C,16,5,44,M,1,2,N,,,44,0
2019,37684241,122784395,1,17-Aug-19,1,C,35,5,44,M,2,2,N,,,44,0
2019,37684240,122784395,2,17-Aug-19,1,C,35,5,54,M,2,2,N,,,54,0
2019,37687227,122784398,1,22-Jun-19,1,C,39,5,20,M,2,2,N,,,20,0
2019,37687240,122784410,1,18-Apr-19,1,C,51,5,20,M,2,2,N,,,20,0
2019,37694057,122784413,1,31-Aug-19,3,C,23,5,49,M,2,2,N,,,49,0
2019,37687252,122784420,1,19-Aug-19,1,C,16,5,33,M,1,2,R,,,33,0
2019,37694067,122784429,1,23-Sep-19,1,C,16,5,42,M,2,2,N,,,42,0
2019,37687269,122784433,3,15-Jul-19,1,N,16,5,21,F,0,,R,,,21,0
2019,37687270,122784433,2,15-Jul-19,1,N,16,5,20,F,1,2,R,,,20,0
2019,37687271,122784433,1,15-Jul-19,1,N,16,5,20,M,2,,R,,,20,0
2019,37687280,122784442,1,22-Aug-19,1,C,23,5,49,M,1,2,N,,,49,0
2019,37684296,122784447,1,23-Jan-19,1,M,16,5,22,M,1,2,N,,,22,0
2019,37687291,122784450,1,16-Jul-19,1,C,16,5,24,M,2,2,N,,,24,0
2019,37684303,122784454,1,20-Apr-19,1,C,35,5,29,M,2,3,R,,,29,0
2019,37684306,122773628,1,24-Sep-19,1,C,23,5,55,F,2,2,N,,,55,0
2019,37684314,122784462,1,15-Feb-19,1,N,23,5,48,F,1,2,N,,,48,0
2019,37684316,122784464,1,31-May-19,3,C,23,5,57,M,2,2,R,,,57,0
2019,37684320,122784471,1,26-Sep-19,1,C,23,5,48,M,1,2,R,,,48,0
2019,37684334,122784477,1,22-May-19,1,C,23,5,55,F,2,2,N,,,55,0
2019,37684335,122784477,2,23-May-19,3,C,23,5,33,F,2,2,N,,,33,0
2019,37687333,122784480,2,24-Apr-19,1,N,23,5,43,M,2,2,N,,,43,0
2019,37687332,122784480,1,24-Apr-19,1,N,23,5,40,M,2,2,N,,,40,0
2019,37684343,122784487,1,22-May-19,1,C,23,5,33,F,1,2,N,,,33,0
2019,37684345,122784488,1,24-Apr-19,1,N,39,5,43,M,2,2,N,,,43,0
2019,37684344,122784488,2,24-Apr-19,1,N,39,5,40,M,2,2,N,,,40,0
2019,37684347,122784489,1,18-Mar-19,1,C,39,5,33,M,2,2,R,,,33,0
2019,37687348,122784494,1,19-Mar-19,1,N,39,5,25,M,2,2,N,,,25,0
2019,37684356,122784499,1,26-Jan-19,1,C,16,5,23,M,2,2,N,,,23,0
2019,37687358,122777861,1,24-May-19,1,C,16,5,32,M,1,2,N,,,32,0
2019,37684363,122784508,1,24-May-19,1,N,23,5,43,M,2,2,N,,,43,0
2019,37694213,122773719,1,20-Feb-19,1,C,23,5,19,F,2,2,N,,,19,0
2019,37694218,122784522,1,20-Jul-19,1,C,23,5,23,M,2,3,N,,,23,0
2019,37684383,122784525,1,22-Mar-19,1,N,16,5,16,M,2,2,N,H,,16,0
2019,37684384,122784525,2,22-Mar-19,1,N,23,5,18,M,2,2,N,,,18,0
2019,37687110,122784332,1,16-Jan-19,1,C,16,5,22,M,1,,N,,,22,0
2019,37687114,122784336,1,16-Jan-19,1,C,16,5,36,M,2,2,N,,,36,0
2019,37684187,122784342,1,11-Feb-19,3,C,49,5,18,M,2,2,R,,,18,0
2019,37686924,122784198,2,1-Jun-19,1,C,23,5,16,F,1,,N,H,,16,0
2019,37686925,122784198,1,1-Jun-19,1,C,23,5,16,F,1,,N,H,,16,0
2019,37684033,122784205,1,26-Feb-20,3,C,28,5,50,F,1,2,N,,,50,0
2019,37686948,122784215,1,3-Sep-19,1,C,23,5,40,F,1,2,R,,,40,0
2019,37684050,122784218,1,4-Sep-19,1,C,11,5,54,M,2,2,N,,,54,0
2019,37684053,122777462,1,4-Sep-19,1,C,51,5,19,F,1,2,R,,,19,0
2019,37684055,122784225,1,4-Sep-19,1,N,51,5,37,F,1,2,R,,,37,0
2019,37684066,122784233,1,6-Sep-19,1,C,23,5,52,F,2,2,R,,,52,0
2019,37686988,122784235,1,8-Apr-19,3,M,51,5,49,M,2,2,R,,,49,0
2019,37684070,122784238,1,8-Jun-19,1,C,23,5,42,F,1,2,R,,,42,0
2019,37684078,122777499,1,9-Jun-19,1,C,16,5,20,M,2,2,R,,,20,0
2019,37684085,122784247,1,5-May-19,1,N,23,5,43,F,2,2,N,,,43,0
2019,37684104,122784260,1,6-Apr-19,1,C,51,5,18,M,2,2,N,,,18,0
2019,37684106,122784264,1,5-Feb-19,1,N,23,5,31,F,1,2,N,,,31,0
2019,37693867,122777587,1,14-Jun-19,2,C,23,5,39,M,2,2,N,,,39,0
2019,37684154,122773424,1,9-Mar-19,1,C,16,5,21,M,2,2,N,,,21,0
2019,37684180,122777623,1,10-Mar-19,1,C,23,5,43,F,1,2,N,,,43,0
2019,37687123,122773454,2,10-Mar-19,1,C,23,5,16,M,2,2,N,H,,16,0
2019,37693917,122773454,1,10-Mar-19,1,C,23,5,14,M,1,2,N,H,,14,0
2019,37693923,122784349,4,8-Jul-19,1,C,45,5,18,M,2,2,N,,,18,0
2019,37684195,122784349,3,8-Jul-19,1,C,45,5,20,M,2,2,N,,,20,0
2019,37684194,122784349,2,8-Jul-19,1,C,45,5,19,M,2,2,N,,,19,0
2019,37684193,122784349,1,8-Jul-19,1,C,45,5,22,M,2,2,N,,,22,0
2019,37684206,122777653,1,7-Aug-19,3,C,23,5,27,F,2,2,N,,,27,0
2019,37693937,122784359,1,9-Feb-19,1,C,23,5,36,F,1,2,N,,,36,0
2019,37693692,122773242,1,27-Aug-19,3,C,44,5,37,F,1,2,R,,,37,0
2019,37686919,122784194,1,2-Sep-19,1,C,16,5,33,F,1,2,N,,,33,0
2019,37684018,122784187,1,3-Apr-19,1,C,28,5,32,M,1,2,R,,,32,0
2019,37684026,122784195,1,2-Aug-19,1,N,16,5,22,F,2,2,N,,,22,0
2019,37693711,122773262,1,2-Feb-19,1,C,51,5,32,F,1,2,R,,,32,0
2019,37686935,122777438,1,2-May-19,1,M,16,5,26,M,1,2,N,,,26,0
2019,37686939,122784206,1,2-Jun-19,1,C,16,5,26,M,2,2,N,,,26,0
2019,37684041,122784213,1,2-Feb-19,1,N,35,5,30,F,1,2,R,,,30,0
2019,37684058,122784227,1,3-Apr-19,1,C,16,5,32,M,1,2,R,,,32,0
2019,37684068,122784236,1,27-Aug-19,3,C,45,5,40,F,2,2,N,,,40,0
2019,37687005,122784246,1,3-Jul-19,3,C,40,5,18,M,1,2,U,,,18,0
2019,37684094,122784253,1,5-May-19,1,M,35,5,39,M,1,2,N,,,39,0
2019,37693784,122773340,1,5-Apr-19,1,C,51,5,19,M,2,2,R,,,19,0
2019,37687043,122784271,2,10-Jun-19,1,M,23,5,22,F,2,2,R,,,22,0
2019,37687042,122784271,1,10-Jun-19,1,M,23,5,22,F,2,2,R,,,22,0
2019,37684130,122784285,1,27-Jan-19,3,N,51,5,42,M,1,2,N,,,42,0
2019,37693846,122784292,1,15-Jan-19,1,C,16,5,25,M,2,2,N,,,25,0
2019,37684143,122784295,1,11-Sep-19,1,C,23,5,19,F,1,2,N,,,19,0
2019,37687078,122784301,1,13-Jun-19,1,M,16,5,31,M,2,2,N,,,31,0
2019,37687084,122777584,1,7-May-19,1,C,16,5,22,M,2,,N,,,22,0
2019,37684169,122777609,1,10-Mar-19,1,C,16,5,42,M,2,2,R,,,42,0
2019,37687116,122784341,1,10-Mar-19,1,C,23,5,52,F,1,2,N,,,52,0
2019,37687142,122773471,1,3-Jun-19,3,C,23,5,81,F,1,2,N,,,81,0
2019,37684213,122784362,1,1-Aug-19,3,C,51,5,53,M,1,2,U,,,53,0
2019,37684219,122784374,1,18-Jan-19,1,N,23,5,57,F,2,2,N,,,57,0
2019,37693994,122784378,1,16-Apr-19,1,C,23,5,18,M,2,2,N,,,18,0
2019,37684228,122784384,1,17-Aug-19,1,C,23,5,18,F,1,1,N,,,18,0
2019,37694049,122784409,1,27-Jun-19,3,C,23,5,63,M,1,2,N,,,63,0
2019,37684265,122784415,1,21-Jan-19,1,C,23,5,28,M,1,2,N,,,28,0
2019,37684266,122784417,1,23-Jun-19,1,C,16,5,22,F,2,2,N,,,22,0
2019,37684295,122784446,1,26-Jun-19,1,C,16,5,21,M,2,2,R,,,21,0
2019,36087291,118350111,1,4-Nov-19,3,C,23,5,30,F,1,3,R,,,30,0
2019,36087287,118350093,1,20-Nov-19,3,C,20,5,57,M,2,2,N,,,57,0
2019,36406349,119294366,1,2-Dec-19,3,C,44,5,30,M,1,2,R,,,30,0
2019,36406354,119294385,1,2-Dec-19,1,C,39,5,20,M,2,2,R,,,20,0
2019,35863685,117679780,1,1-Oct-19,3,C,51,5,34,M,4,2,R,,,34,0
2019,35863690,117665706,1,2-Oct-19,3,C,5,5,38,F,2,2,N,,,38,0
2019,35863691,117679797,1,30-Sep-19,1,M,16,5,32,M,1,2,R,,,32,0
2019,35863696,117679813,1,7-Oct-19,3,N,51,5,21,M,2,2,N,,,21,0
2019,35863699,117679827,2,4-Oct-19,1,C,23,5,27,F,2,2,N,,,27,0
2019,35863698,117679827,1,4-Oct-19,1,C,23,5,27,M,2,2,N,,,27,0
2019,35863700,117679828,1,4-Oct-19,1,C,51,5,18,M,2,2,N,,,18,0
2019,35863702,117665739,1,5-Oct-19,1,C,23,5,35,F,2,2,N,,,35,0
2019,35863703,117679832,1,5-Oct-19,3,C,23,5,57,M,3,2,R,,,57,0
2019,35863704,117679833,1,5-Oct-19,1,C,51,5,25,M,1,2,N,,,25,0
2019,35863705,117679837,1,6-Oct-19,1,M,16,5,21,F,1,2,N,,,21,0
2019,35863706,117679842,1,6-Oct-19,3,C,23,5,47,F,2,2,N,,,47,0
2019,35863708,117679843,2,7-Oct-19,1,C,16,5,22,M,1,2,N,,,22,0
2019,35863707,117679843,1,7-Oct-19,1,C,16,5,21,M,1,2,N,,,21,0
2019,35863709,117679846,1,22-Oct-19,3,C,23,5,50,F,1,1,N,,,50,0
2019,35863710,117679849,1,10-Oct-19,3,C,23,5,59,F,1,2,N,,,59,0
2019,35863711,117679850,1,7-Oct-19,1,C,39,5,20,M,2,2,N,,,20,0
2019,35863712,117679851,1,7-Oct-19,1,C,16,5,24,M,1,2,N,,,24,0
2019,35863713,117679854,1,8-Oct-19,1,N,23,5,46,F,1,3,R,,,46,0
2019,35863714,117679856,1,8-Oct-19,1,N,23,5,55,M,1,2,N,,,55,0
2019,35863715,117679859,1,8-Oct-19,1,C,23,5,17,M,2,2,R,H,,17,0
2019,35863716,117679860,1,8-Oct-19,1,C,16,5,28,M,1,2,N,,,28,0
2019,35863717,117679861,1,8-Oct-19,1,C,16,5,18,M,1,2,N,,,18,0
2019,35863718,117679862,2,8-Oct-19,1,C,16,5,61,M,2,2,N,,,61,0
2019,35863719,117679862,1,8-Oct-19,1,C,16,5,45,F,1,2,N,,,45,0
2019,35863720,117679863,1,9-Oct-19,1,C,16,5,23,F,2,2,R,,,23,0
2019,35863721,117679867,1,9-Oct-19,1,C,27,5,58,M,1,2,R,,,58,0
2019,35863722,117679868,1,9-Oct-19,1,M,23,5,14,M,1,2,N,R,,14,0
2019,35863723,117679871,1,9-Oct-19,1,M,28,5,17,M,1,1,N,R,,17,0
2019,35863724,117679872,1,9-Oct-19,1,N,23,5,48,M,2,2,N,,,48,0
2019,35863728,117679873,1,9-Oct-19,1,C,23,5,17,M,2,2,N,H,,17,0
2019,35863726,117679873,4,9-Oct-19,1,C,23,5,14,M,1,1,N,H,,14,0
2019,35863725,117679873,3,9-Oct-19,1,C,23,5,15,M,1,1,R,H,,15,0
2019,35863727,117679873,2,9-Oct-19,1,C,23,5,14,M,1,1,R,H,,14,0
2019,35863729,117679876,1,9-Oct-19,1,C,28,5,30,M,2,2,N,,,30,0
2019,35863730,117679881,1,11-Oct-19,1,C,21,5,39,M,1,2,N,,,39,0
2019,35863731,117679887,1,11-Oct-19,1,C,23,5,43,F,2,2,N,,,43,0
2019,35863732,117679894,1,11-Oct-19,1,C,23,5,17,M,2,2,R,H,,17,0
2019,35863733,117679896,1,11-Oct-19,1,C,51,5,39,M,2,2,R,,,39,0
2019,35863734,117679900,1,12-Oct-19,1,C,23,5,19,M,2,,N,,,19,0
2019,35863735,117679901,1,12-Oct-19,1,C,16,5,19,M,2,,N,,,19,0
2019,35863736,117679905,1,12-Oct-19,1,C,16,5,29,M,2,2,N,,,29,0
2019,35863737,117679908,1,13-Oct-19,1,C,16,5,24,M,1,,N,,,24,0
2019,35863738,117679913,1,13-Oct-19,1,C,23,5,24,M,2,2,R,,,24,0
2019,35863739,117679917,1,14-Oct-19,1,C,51,5,22,M,2,2,R,,,22,0
2019,35863740,117679934,1,15-Oct-19,1,C,16,5,19,M,1,1,N,,,19,0
2019,35863741,117679937,1,16-Oct-19,1,C,23,5,20,M,2,2,R,,,20,0
2019,35863742,117679937,2,16-Oct-19,1,C,23,5,16,M,2,2,R,H,,16,0
2019,35863743,117679945,1,17-Oct-19,1,C,23,5,67,F,2,2,N,,,67,0
2019,35863744,117679947,1,17-Oct-19,1,N,46,5,22,M,2,2,N,,,22,0
2019,35863745,117679955,1,17-Oct-19,1,C,23,5,52,M,2,2,N,,,52,0
2019,35863746,117679956,1,17-Oct-19,1,C,35,5,52,M,2,2,N,,,52,0
2019,35863748,117679985,1,21-Oct-19,1,C,16,5,19,F,2,2,R,,,19,0
2019,35863747,117679985,2,21-Oct-19,1,C,16,5,19,M,2,2,N,,,19,0
2019,35863749,117679987,1,21-Oct-19,1,M,21,5,21,M,2,2,N,,,21,0
2019,35863750,117679994,1,21-Oct-19,1,C,23,5,16,M,1,1,N,H,,16,0
2019,35863751,117679995,1,22-Oct-19,1,C,51,5,39,F,2,2,R,,,39,0
2019,35863752,117680002,1,23-Oct-19,1,C,23,5,37,F,1,2,N,,,37,0
2019,35863753,117680006,1,24-Oct-19,1,C,51,5,19,M,0,2,R,,,19,0
2019,35863755,117680008,2,24-Oct-19,1,C,23,5,16,M,2,2,N,H,,16,0
2019,35863754,117680008,1,24-Oct-19,1,C,23,5,16,M,2,2,N,H,,16,0
2019,35863757,117680010,2,24-Oct-19,1,N,23,5,24,M,0,2,R,,,24,0
2019,35863756,117680010,1,24-Oct-19,1,N,23,5,26,M,1,2,R,,,26,0
2019,35863758,117680012,1,24-Oct-19,1,M,23,5,38,F,1,1,N,,,38,0
2019,35863759,117680016,1,25-Oct-19,1,M,23,5,30,M,2,2,N,,,30,0
2019,35863760,117680019,1,25-Oct-19,1,C,51,5,51,M,2,2,R,,,51,0
2019,35863761,117680021,1,26-Oct-19,1,C,28,5,18,M,2,2,N,,,18,0
2019,35863762,117680028,1,27-Oct-19,1,C,28,5,39,M,1,2,N,,,39,0
2019,35863763,117680029,1,27-Oct-19,1,C,35,5,39,M,1,2,N,,,39,0
2019,35863764,117680030,1,27-Oct-19,1,C,28,5,20,M,2,2,N,,,20,0
2019,35863765,117680037,1,28-Oct-19,1,C,23,5,52,M,1,2,N,,,52,0
2019,35863766,117680041,1,28-Oct-19,1,C,23,5,35,F,2,2,N,,,35,0
2019,35863767,117680042,1,29-Oct-19,1,C,51,5,20,M,2,2,R,,,20,0
2019,35863768,117680043,1,29-Oct-19,1,C,51,5,30,M,2,2,N,,,30,0
2019,35863770,117680045,1,29-Oct-19,1,C,23,5,22,F,2,2,N,,,22,0
2019,35863769,117680045,2,29-Oct-19,1,C,23,5,27,F,2,2,N,,,27,0
2019,35863771,117680047,1,29-Oct-19,3,C,23,5,31,F,2,3,N,,,31,0
2019,35863772,117680051,1,30-Oct-19,1,C,23,5,48,F,1,2,N,,,48,0
2019,35863773,117680052,1,30-Oct-19,1,C,16,5,48,F,1,2,N,,,48,0
2019,35863774,117680057,1,30-Oct-19,1,C,23,5,35,F,2,2,R,,,35,0
2019,35863775,117680058,1,30-Oct-19,1,N,23,5,35,F,1,2,R,,,35,0
2019,35863776,117680059,1,30-Oct-19,1,N,16,5,35,F,1,2,R,,,35,0
2019,35863777,117680060,1,30-Oct-19,1,C,16,5,19,F,2,2,R,,,19,0
2019,35863778,117680065,1,31-Oct-19,1,C,16,5,17,M,2,2,N,R,,17,0
2019,35863781,117680067,1,31-Oct-19,1,C,23,5,19,M,1,1,R,,,19,0
2019,35863682,117679756,2,8-Oct-19,3,C,14,5,68,M,2,2,N,,,68,0
2019,35863681,117679756,1,16-Sep-19,3,M,14,5,74,M,2,2,N,,,74,0
2019,35863684,117679766,1,11-Oct-19,3,N,23,5,33,M,1,2,N,,,33,0
2019,35872717,117665699,1,5-Oct-19,3,N,51,5,20,M,2,2,R,,,20,0
2019,35863686,117679785,1,3-Oct-19,3,C,23,5,32,F,1,2,R,,,32,0
2019,35872718,117679787,1,2-Oct-19,1,C,39,5,23,M,2,2,N,,,23,0
2019,35863687,117679788,1,29-Oct-19,3,C,44,5,33,F,2,2,N,,,33,0
2019,35863695,117679803,1,1-Oct-19,3,C,51,5,25,M,2,2,R,,,25,0
2019,36396312,119276071,1,14-Dec-19,1,C,51,5,45,M,1,3,N,,,45,0
2019,36396313,119276073,1,15-Dec-19,1,C,35,5,48,F,1,2,N,,,48,0
2019,36396314,119276074,1,15-Dec-19,1,C,16,5,25,M,1,2,N,,,25,0
2019,36396315,119276074,2,15-Dec-19,1,C,16,5,23,M,2,2,N,,,23,0
2019,36396316,119276075,1,15-Dec-19,1,C,51,5,44,M,2,2,N,,,44,0
2019,36396317,119276080,1,15-Dec-19,1,C,23,5,36,M,1,2,N,,,36,0
2019,36396318,119276081,1,15-Dec-19,1,C,16,5,36,M,1,2,N,,,36,0
2019,36396319,119276083,2,15-Dec-19,1,C,23,5,15,M,2,2,R,H,,15,0
2019,36396320,119276083,1,15-Dec-19,1,C,23,5,14,M,2,2,R,H,,14,0
2019,36396321,119276089,1,15-Dec-19,1,C,47,5,44,M,1,2,N,,,44,0
2019,36396322,119276090,1,16-Dec-19,1,C,16,5,37,M,1,2,N,,,37,0
2019,36396323,119276093,1,16-Dec-19,1,C,51,5,29,F,1,2,N,,,29,0
2019,36396324,119276098,1,16-Dec-19,1,N,23,5,26,M,1,2,N,,,26,0
2019,36396325,119276099,1,16-Dec-19,1,C,35,5,18,M,0,2,N,,,18,0
2019,36396326,119276100,1,16-Dec-19,1,C,16,5,40,F,1,2,R,,,40,0
2019,36396327,119301107,1,16-Dec-19,1,C,51,5,37,F,2,,N,,,37,0
2019,36396328,119301109,1,16-Dec-19,1,C,39,5,19,M,2,2,R,,,19,0
2019,36396329,119301110,1,17-Dec-19,1,C,16,5,31,M,2,2,N,,,31,0
2019,36396330,119301118,1,17-Dec-19,1,C,45,5,54,M,1,2,N,,,54,0
2019,36396331,119301119,1,17-Dec-19,1,N,28,5,25,M,1,2,R,,,25,0
2019,36396333,119301121,1,17-Dec-19,1,C,49,5,36,F,2,2,N,,,36,0
2019,36396332,119301121,2,17-Dec-19,1,C,49,5,36,M,2,2,N,,,36,0
2019,36396334,119301121,3,17-Dec-19,1,C,49,5,31,M,2,2,N,,,31,0
2019,36396335,119301122,1,18-Dec-19,1,C,16,5,36,F,2,2,N,,,36,0
2019,36396336,119301140,1,19-Dec-19,1,C,23,5,33,M,1,3,N,,,33,0
2019,36396337,119301142,1,19-Dec-19,1,C,23,5,40,M,1,2,N,,,40,0
2019,36396338,119301144,1,19-Dec-19,1,C,16,5,40,M,1,2,N,,,40,0
2019,36396339,119301145,1,19-Dec-19,1,C,23,5,21,M,2,2,N,,,21,0
2019,36396340,119301146,2,19-Dec-19,3,C,23,5,20,M,2,2,N,,,20,0
2019,36396341,119301146,1,19-Dec-19,3,C,23,5,20,M,2,2,N,,,20,0
2019,36396342,119301147,1,19-Dec-19,3,C,23,5,15,M,1,2,N,H,,15,0
2019,36396344,119301156,1,20-Dec-19,1,M,23,5,18,F,2,2,N,,,18,0
2019,36396343,119301156,2,20-Dec-19,1,M,23,5,17,F,2,,N,H,,17,0
2019,36396345,119301157,1,20-Dec-19,1,C,16,5,43,F,2,2,N,,,43,0
2019,36396346,119301160,1,20-Dec-19,1,C,23,5,22,F,2,2,N,,,22,0
2019,36396347,119301169,1,21-Dec-19,1,C,23,5,23,F,2,2,R,,,23,0
2019,36396348,119301171,1,21-Dec-19,1,M,51,5,37,M,2,2,N,,,37,0
2019,36396349,119301172,1,21-Dec-19,1,C,23,5,26,F,1,2,R,,,26,0
2019,36396350,119301175,1,21-Dec-19,1,C,39,5,32,M,2,2,N,,,32,0
2019,36396351,119301177,1,21-Dec-19,1,C,35,5,35,M,2,2,N,,,35,0
2019,36396352,119301178,1,22-Dec-19,1,C,51,5,25,M,1,2,R,,,25,0
2019,36396353,119301184,1,22-Dec-19,3,C,23,5,48,F,2,2,N,,,48,0
2019,36396354,119301188,1,23-Dec-19,1,C,28,5,19,F,2,2,N,,,19,0
2019,36396293,119275955,1,11-Dec-19,3,C,45,5,43,F,1,2,N,,,43,0
2019,36808681,120415544,1,21-Jan-20,3,C,23,5,20,F,2,2,N,,,20,0
2019,36811650,120427239,1,1-Jan-20,1,C,45,5,46,M,1,2,N,,,46,0
2019,36811649,120427238,1,24-Jan-20,3,C,51,5,24,F,1,2,N,,,24,0
2019,35863694,117665715,1,2-Oct-19,1,C,23,5,20,F,2,2,R,,,20,0
2019,35867621,117679786,1,15-Oct-19,3,C,37,5,23,F,2,2,N,,,23,0
2019,35863692,117665715,3,2-Oct-19,1,C,23,5,23,F,2,2,N,,,23,0
2019,35863693,117665715,2,2-Oct-19,1,C,23,5,20,F,2,2,N,,,20,0
2019,35863701,117665734,1,5-Oct-19,1,C,51,5,21,M,2,2,R,,,21,0
2019,35872719,117665737,1,5-Oct-19,1,C,23,5,26,F,1,2,N,,,26,0
2019,35872715,117665696,1,1-Oct-19,1,C,51,5,21,M,1,2,R,,,21,0
2019,35872716,117679775,1,1-Oct-19,1,C,28,5,23,M,2,2,N,,,23,0
2019,35863689,117665702,1,12-Oct-19,3,M,44,5,29,F,1,2,N,,,29,0
2019,35863688,117665702,2,2-Oct-19,3,C,44,5,38,F,2,2,R,,,38,0
2019,35863697,117665722,1,3-Oct-19,1,C,23,5,42,F,2,2,N,,,42,0
2019,36087286,118350092,1,10-Nov-19,1,M,44,5,19,M,2,2,R,,,19,0
2019,36087292,118350116,1,20-Nov-19,3,C,44,5,32,M,1,2,N,,,32,0
2019,36087296,118350124,1,2-Nov-19,1,C,16,5,18,M,2,2,N,,,18,0
2019,36087299,118350139,1,3-Nov-19,1,C,16,5,31,M,1,2,N,,,31,0
2019,36087300,118350148,1,4-Nov-19,1,M,51,5,16,F,1,3,N,R,,16,0
2019,36087302,118350152,1,4-Nov-19,1,N,40,5,27,M,2,,N,,,27,0
2019,36087303,118350170,1,5-Nov-19,1,C,23,5,44,M,2,2,N,,,44,0
2019,36087304,118350173,1,5-Nov-19,1,C,23,5,52,F,1,2,N,,,52,0
2019,36087305,118350184,1,6-Nov-19,1,C,11,5,56,M,2,2,N,,,56,0
2019,36087306,118350190,1,6-Nov-19,1,M,16,5,39,M,2,2,R,,,39,0
2019,36087307,118350192,1,6-Nov-19,1,C,23,5,21,M,0,2,R,,,21,0
2019,36087308,118350195,1,7-Nov-19,1,M,14,5,17,M,2,2,N,R,,17,0
2019,36087309,118350199,1,7-Nov-19,1,M,16,5,29,M,2,2,N,,,29,0
2019,36087310,118350207,1,8-Nov-19,1,C,23,5,24,M,2,2,N,,,24,0
2019,36087311,118350208,1,8-Nov-19,1,C,23,5,21,F,2,2,N,,,21,0
2019,36087312,118350219,1,10-Nov-19,1,C,39,5,24,M,2,2,R,,,24,0
2019,36087313,118350226,1,10-Nov-19,1,C,16,5,29,M,1,2,N,,,29,0
2019,36087314,118350228,1,10-Nov-19,3,C,23,5,60,F,2,2,N,,,60,0
2019,36087315,118350240,1,12-Nov-19,1,C,51,5,25,M,1,2,N,,,25,0
2019,36087316,118350241,1,12-Nov-19,1,C,16,5,25,M,1,2,N,,,25,0
2019,36087317,118350243,1,12-Nov-19,1,C,23,5,16,M,1,2,R,H,,16,0
2019,36087318,118350249,1,13-Nov-19,3,C,16,5,22,M,2,,N,,,22,0
2019,36087319,118350253,1,14-Nov-19,1,C,16,5,51,M,2,2,N,,,51,0
2019,36087320,118350255,1,14-Nov-19,1,C,23,5,25,F,2,2,R,,,25,0
2019,36087322,118350263,1,14-Nov-19,1,C,23,5,35,F,1,2,R,,,35,0
2019,36087321,118350263,2,14-Nov-19,1,C,23,5,32,M,1,2,N,,,32,0
2019,36087323,118350266,1,14-Nov-19,1,C,16,5,32,M,1,2,N,,,32,0
2019,36087324,118350268,1,15-Nov-19,1,C,16,5,37,M,1,2,N,,,37,0
2019,36087325,118350269,1,15-Nov-19,1,C,16,5,28,F,1,2,N,,,28,0
2019,36087326,118350272,1,15-Nov-19,1,C,23,5,17,M,1,1,N,H,,17,0
2019,36087327,118350274,2,15-Nov-19,1,C,23,5,23,F,2,2,N,,,23,0
2019,36087329,118350274,1,15-Nov-19,1,C,23,5,25,F,2,2,N,,,25,0
2019,36087328,118350274,3,15-Nov-19,1,C,23,5,18,F,2,2,N,,,18,0
2019,36087330,118350275,1,15-Nov-19,1,C,23,5,16,M,1,1,N,H,,16,0
2019,36087331,118350278,1,15-Nov-19,1,C,51,5,37,M,1,2,N,,,37,0
2019,36087332,118350285,1,16-Nov-19,3,C,23,5,58,F,1,3,N,,,58,0
2019,36087333,118350289,1,17-Nov-19,1,C,51,5,38,F,2,2,R,,,38,0
2019,36087335,118350290,2,17-Nov-19,1,C,23,5,17,F,2,2,N,R,,17,0
2019,36087334,118350290,1,17-Nov-19,1,C,23,5,17,F,2,2,N,R,,17,0
2019,36087336,118350293,1,17-Nov-19,3,C,32,5,24,M,2,3,R,,,24,0
2019,36087337,118350299,1,18-Nov-19,1,N,16,5,16,M,1,2,R,R,,16,0
2019,36087338,118350300,1,18-Nov-19,1,C,51,5,29,M,1,2,R,,,29,0
2019,36087339,118350302,1,18-Nov-19,1,C,16,5,43,M,1,2,N,,,43,0
2019,36087340,118350308,1,19-Nov-19,1,C,51,5,44,M,1,2,N,,,44,0
2019,36087341,118350309,1,19-Nov-19,1,N,16,5,19,F,1,2,N,,,19,0
2019,36087342,118350311,1,20-Nov-19,1,C,39,5,24,M,2,2,N,,,24,0
2019,36087343,118350312,1,20-Nov-19,1,C,39,5,25,F,2,2,N,,,25,0
2019,36087344,118350315,1,20-Nov-19,1,C,23,5,48,F,1,2,R,,,48,0
2019,36087345,118350316,1,20-Nov-19,1,C,16,5,33,F,2,2,N,,,33,0
2019,36087346,118350324,1,21-Nov-19,1,C,23,5,24,F,1,2,N,,,24,0
2019,36087347,118350329,1,21-Nov-19,1,C,23,5,53,F,2,2,N,,,53,0
2019,36087348,118350333,1,22-Nov-19,1,C,51,5,18,F,1,2,R,,,18,0
2019,36087349,118350343,1,22-Nov-19,1,C,23,5,27,M,2,2,N,,,27,0
2019,36396292,119275951,1,1-Dec-19,3,C,23,5,30,F,2,2,N,,,30,0
2019,36396310,119276064,2,14-Dec-19,1,C,23,5,13,F,2,2,N,H,,13,0
2019,36396309,119276064,1,14-Dec-19,1,C,23,5,34,F,2,2,N,,,34,0
2019,36396311,119276069,1,14-Dec-19,1,C,16,5,20,M,1,2,N,,,20,0
2019,37687286,122784448,1,16-Mar-19,1,C,23,5,22,F,2,2,N,,,22,0
2019,37687285,122784448,2,16-Mar-19,1,C,23,5,22,F,2,2,N,,,22,0
2019,37684309,122784459,1,23-Aug-19,3,N,45,5,39,M,1,2,N,,,39,0
2019,37687309,122784466,1,21-May-19,1,C,23,5,13,F,2,2,N,H,,13,0
2019,37684319,122784468,1,23-Apr-19,1,C,51,5,25,M,1,2,R,,,25,0
2019,37684325,122777818,1,16-Feb-19,1,C,16,5,25,M,1,3,N,,,25,0
2019,37684333,122784476,1,24-Aug-19,1,M,35,5,35,F,1,2,R,,,35,0
2019,37684342,122784486,2,30-Aug-19,3,C,23,5,27,F,2,2,N,,,27,0
2019,37684341,122784486,1,24-Aug-19,1,C,23,5,22,F,2,2,N,,,22,0
2019,37684349,122784492,1,28-Jun-19,1,C,16,5,26,M,2,2,R,,,26,0
2019,37694159,122784493,1,18-Jul-19,1,C,23,5,24,F,1,1,U,,,24,0
2019,37684350,122784495,1,25-Apr-19,1,C,16,5,42,M,1,2,R,,,42,0
2019,37684357,122784500,1,26-Apr-19,1,C,51,5,56,F,1,2,N,,,56,0
2019,37684358,122784500,2,26-Apr-19,1,C,51,5,30,M,1,2,N,,,30,0
2019,37684361,122784504,1,19-Jul-19,1,N,23,5,33,F,1,2,R,,,33,0
2019,37694185,122784507,1,28-Jan-19,1,C,16,5,25,F,2,2,N,,,25,0
2019,37684364,122784509,1,18-Feb-19,1,C,51,5,40,M,2,2,N,,,40,0
2019,37684367,122784512,1,18-Feb-19,1,M,16,5,24,M,2,2,R,,,24,0
2019,37694200,122784513,1,22-Mar-19,1,C,16,5,27,M,2,,N,,,27,0
2019,36400644,119298544,1,1-Dec-19,1,C,16,5,24,F,2,2,N,,,24,0
2019,36396294,119275961,1,1-Dec-19,1,C,51,5,43,F,1,2,R,,,43,0
2019,36396295,119275961,2,1-Dec-19,1,C,51,5,42,M,1,2,R,,,42,0
2019,36406353,119298569,1,30-Nov-19,1,C,16,5,24,M,2,2,R,,,24,0
2019,36400651,119298615,1,6-Dec-19,1,N,51,5,57,M,1,2,R,,,57,0
2019,36400652,119298621,1,6-Dec-19,1,C,23,5,61,F,2,2,R,,,61,0
2019,36400653,119298626,1,27-Dec-19,3,C,23,5,72,M,2,2,N,,,72,0
2019,36400654,119298635,1,7-Dec-19,1,C,23,5,29,M,1,2,N,,,29,0
2019,36400655,119298644,1,8-Dec-19,1,C,35,5,28,M,1,2,N,,,28,0
2019,36400656,119298646,1,8-Dec-19,1,C,23,5,15,M,1,2,N,H,,15,0
2019,36400657,119298655,1,10-Dec-19,1,C,51,5,51,M,1,2,R,,,51,0
2019,36400658,119298659,1,10-Dec-19,1,N,51,5,40,M,1,2,N,,,40,0
2019,36400659,119298664,1,11-Dec-19,1,C,23,5,24,M,2,2,R,,,24,0
2019,36400646,119298561,1,27-Nov-19,1,C,27,5,16,F,2,2,R,R,,16,0
2019,36406350,119298545,1,20-Dec-19,3,C,23,5,22,F,2,2,N,,,22,0
2019,36400648,119298598,1,4-Dec-19,1,C,51,5,26,F,2,2,R,,,26,0
2019,36400649,119298606,1,5-Dec-19,1,C,23,5,56,F,1,2,N,,,56,0
2019,37686914,122777425,1,1-Mar-19,1,C,16,5,22,F,1,2,N,,,22,0
2019,37684032,122784204,1,2-Feb-19,1,C,16,5,52,M,1,2,N,,,52,0
2019,37686938,122777443,1,2-Mar-19,1,M,28,5,32,M,1,2,N,,,32,0
2019,37686958,122777458,1,3-May-19,1,C,16,5,44,M,2,2,N,,,44,0
2019,37693699,122777415,1,3-Jan-19,1,C,23,5,20,M,1,2,R,,,20,0
2019,37686918,122777427,1,1-Feb-19,1,N,16,5,21,F,1,,N,,,21,0
2019,37686923,122777430,1,4-Jan-19,1,N,23,5,34,F,2,2,N,,,34,0
2019,37693728,122777448,1,7-Jan-19,1,N,16,5,35,M,2,2,N,,,35,0
2019,37686984,122773294,1,9-Jan-19,1,C,23,5,27,M,1,1,N,,,27,0
2019,37684069,122777487,1,9-Jan-19,1,C,23,5,29,F,1,,N,,,29,0
2019,37693747,122777494,1,4-May-19,1,C,23,5,40,M,2,2,N,,,40,0
2019,37693776,122773333,1,4-Feb-19,1,N,16,5,33,M,2,2,N,,,33,0
2019,37687020,122777526,1,9-Jun-19,1,C,39,5,23,M,2,,N,,,23,0
2019,37693820,122777551,1,6-Feb-19,1,C,40,5,23,M,1,2,R,,,23,0
2019,37693819,122777551,2,6-Feb-19,1,C,40,5,25,M,2,2,R,,,25,0
2019,37687052,122777555,1,5-Jul-19,1,C,23,5,38,F,2,2,R,,,38,0
2019,37687082,122777582,1,9-Mar-19,1,C,46,5,25,F,2,1,N,,,25,0
2019,37684165,122784321,1,10-Apr-19,1,C,23,5,46,F,2,2,N,,,46,0
2019,37693916,122773453,1,10-May-19,1,N,23,5,39,F,1,2,R,,,39,0
2019,37687153,122777667,1,9-Jul-19,1,C,23,5,31,F,1,2,N,,,31,0
2019,37693954,122777671,1,9-Jul-19,1,M,16,5,31,F,1,2,N,,,31,0
2019,37687183,122777696,1,16-Aug-19,1,C,23,5,42,M,1,3,R,,,42,0
2019,37687197,122777708,1,17-Aug-19,1,C,23,5,25,F,1,2,R,,,25,0
2019,37693997,122777710,1,18-Jan-19,1,C,16,5,23,M,2,2,N,,,23,0
2019,37694029,122773551,1,19-Jan-19,1,C,23,5,43,F,2,2,N,,,43,0
2019,37684254,122777742,1,21-Jan-19,1,C,23,5,24,F,2,2,R,,,24,0
2019,37687242,122777752,1,23-Jun-19,1,C,28,5,31,F,1,2,N,,,31,0
2019,37687253,122777760,1,5-Sep-19,3,C,23,5,30,F,2,2,N,,,30,0
2019,37687263,122777771,1,14-Feb-19,1,C,51,5,28,M,1,2,N,,,28,0
2019,37687279,122777787,1,16-Mar-19,1,C,35,5,29,F,1,2,N,,,29,0
2019,37684298,122777795,1,8-May-19,3,C,27,5,26,F,1,2,R,,,26,0
2019,37694116,122777805,1,21-Apr-19,1,C,16,5,19,M,1,2,R,,,19,0
2019,37687302,122777807,1,24-Sep-19,1,C,16,5,45,M,1,2,N,,,45,0
2019,37687317,122777819,1,24-Jan-19,1,C,51,5,24,F,0,2,R,,,24,0
2019,37687336,122777832,1,24-Aug-19,1,C,23,5,26,M,1,,N,,,26,0
2019,37694157,122777848,1,27-Feb-19,3,C,23,5,37,M,1,2,R,,,37,0
2019,37694161,122777849,1,28-Sep-19,1,M,16,5,49,F,1,2,N,,,49,0
2019,37687356,122777858,1,20-Mar-19,1,N,44,5,34,F,1,2,R,,,34,0
2019,37694190,122777865,2,29-Jun-19,1,C,23,5,32,M,1,2,N,,,32,0
2019,37694189,122777865,1,29-Jun-19,1,C,23,5,36,F,1,2,N,,,36,0
2019,37687364,122777870,1,19-Jul-19,1,C,23,5,53,F,1,3,N,,,53,0
2019,37687377,122777882,1,27-Apr-19,1,N,51,5,43,M,1,2,N,,,43,0
2019,37686905,122777418,1,1-Jun-19,1,C,16,5,24,F,1,2,N,,,24,0
2019,37693718,122777434,1,3-Aug-19,1,C,35,5,48,M,2,2,N,,,48,0
2019,37684031,122777439,1,3-Apr-19,1,C,51,5,36,F,2,2,R,,,36,0
2019,37686947,122777447,1,7-Jun-19,3,C,23,5,81,F,1,2,N,,,81,0
2019,37684057,122777468,1,8-Jan-19,1,C,39,5,15,M,1,1,R,R,,15,0
2019,37684056,122777468,2,8-Jan-19,1,C,39,5,16,M,2,2,R,R,,16,0
2019,37684064,122784231,1,4-May-19,1,C,16,5,26,M,1,2,N,,,26,0
2019,37687021,122777527,1,5-May-19,1,C,16,5,37,M,2,,N,,,37,0
2019,37693805,122777539,1,9-Sep-19,1,N,23,5,56,F,2,2,R,,,56,0
2019,37687040,122777543,1,13-Jan-19,1,C,23,5,30,F,1,2,N,,,30,0
2019,37693813,122777547,1,4-Jul-19,1,M,16,5,45,F,1,2,R,,,45,0
2019,37684122,122784277,1,6-May-19,1,C,28,5,24,F,1,2,R,,,24,0
2019,37687074,122777574,1,9-Mar-19,1,C,16,5,31,F,1,2,N,,,31,0
2019,37687100,122777606,1,6-Jul-19,1,C,51,5,23,M,2,2,R,,,23,0
2019,37684170,122777611,2,10-Aug-19,1,C,16,5,24,M,2,2,N,,,24,0
2019,37687103,122777611,3,10-Aug-19,1,C,16,5,24,M,2,2,N,,,24,0
2019,37693894,122777611,1,10-Aug-19,1,C,16,5,21,M,2,2,N,,,21,0
2019,37687124,122777638,1,8-Feb-19,1,C,23,5,29,F,2,2,N,,,29,0
2019,37684196,122777642,1,11-May-19,1,C,51,5,39,F,1,2,R,,,39,0
2019,37684207,122777654,1,13-Apr-19,1,C,35,5,31,M,1,2,N,,,31,0
2019,37687149,122777665,1,15-Aug-19,1,C,16,5,57,F,1,2,N,,,57,0
2019,37684212,122777675,1,10-Feb-19,1,C,16,5,64,M,1,2,R,,,64,0
2019,37687166,122777684,2,10-Feb-19,3,C,35,5,43,F,1,2,N,,,43,0
2019,37687165,122777684,1,10-Feb-19,1,C,35,5,48,M,1,2,R,,,48,0
2019,37687168,122777687,1,20-Jun-19,1,N,16,5,31,M,1,2,N,,,31,0
2019,37687174,122777690,1,13-May-19,1,C,16,5,29,M,1,2,N,,,29,0
2019,37687182,122777695,1,11-Jul-19,1,C,23,5,21,F,2,2,R,,,21,0
2019,37684220,122777702,2,14-May-19,1,C,35,5,27,F,2,2,N,,,27,0
2019,37687191,122777702,1,14-May-19,1,C,35,5,36,F,1,2,N,,,36,0
2019,37687218,122777727,1,19-Jan-19,1,C,23,5,18,M,2,2,N,,,18,0
2019,37687221,122777730,1,12-Mar-19,1,C,16,5,33,M,2,2,R,,,33,0
2019,37687225,122777735,1,12-Jul-19,1,C,16,5,37,M,1,2,N,,,37,0
2019,37687226,122777735,2,12-Jul-19,1,C,16,5,36,F,1,2,N,,,36,0
2019,37694043,122784405,1,21-Jan-19,1,N,23,5,18,M,1,2,R,,,18,0
2019,37687237,122777750,1,19-Aug-19,1,N,23,5,61,F,1,2,N,,,61,0
2019,37687255,122777763,1,14-Jul-19,1,C,23,5,21,M,2,2,N,,,21,0
2019,37694091,122777789,2,16-Jul-19,1,C,40,5,17,M,2,,N,R,,17,0
2019,37694090,122777789,1,16-Jul-19,1,C,40,5,17,M,2,2,N,R,,17,0
2019,37687287,122777792,1,22-Aug-19,1,C,39,5,27,M,2,2,N,,,27,0
2019,37687288,122777792,2,22-Aug-19,1,C,39,5,22,F,2,2,N,,,22,0
2019,37684299,122777797,1,22-Aug-19,1,C,23,5,64,M,2,2,N,,,64,0
2019,37694117,122773633,1,21-May-19,1,C,28,5,31,F,2,2,N,,,31,0
2019,37687310,122777813,2,27-Jun-19,1,M,16,5,24,M,2,2,U,,,24,0
2019,37687311,122777813,1,27-Jun-19,1,M,16,5,20,F,1,2,U,,,20,0
2019,37694141,122777830,1,26-Jan-19,1,C,16,5,42,M,2,2,N,,,42,0
2019,37693686,122777407,1,1-Mar-19,1,C,23,5,32,M,1,2,N,,,32,0
2019,37686930,122773267,1,4-Jan-19,1,C,23,5,15,M,2,2,N,H,,15,0
2019,37686963,122777461,1,8-Jan-19,3,C,21,5,16,M,2,2,R,R,,16,0
2019,37686964,122777461,2,8-Jan-19,3,C,21,5,15,M,1,1,R,R,,15,0
2019,37686977,122777472,1,5-Sep-19,1,C,39,5,20,M,2,2,R,,,20,0
2019,37686987,122777486,1,4-Apr-19,1,M,11,5,36,M,1,1,N,,,36,0
2019,37687001,122777501,1,3-Feb-19,1,C,51,5,21,F,2,3,R,,,21,0
2019,37684083,122777505,1,9-Jun-19,1,M,16,5,22,M,2,2,R,,,22,0
2019,37687010,122777513,1,8-Sep-19,1,C,16,5,33,M,1,2,R,,,33,0
2019,37687041,122777546,1,5-Aug-19,2,C,23,5,40,F,1,2,N,,,40,0
2019,37693814,122773370,1,8-Mar-19,1,C,23,5,23,M,1,2,N,,,23,0
2019,37687065,122784293,1,6-Feb-19,1,C,23,5,27,F,2,2,N,,,27,0
2019,37687076,122777576,1,6-May-19,1,C,16,5,28,M,1,2,N,,,28,0
2019,37693868,122777588,1,6-Feb-19,1,C,23,5,26,F,2,,N,,,26,0
2019,37693876,122777596,1,6-Jul-19,1,C,16,5,45,M,1,2,N,,,45,0
2019,37684166,122773437,1,9-May-19,1,C,27,5,24,F,2,2,N,,,24,0
2019,37687108,122784328,1,10-Mar-19,1,C,16,5,23,M,1,2,N,,,23,0
2019,37687115,122777627,1,11-Aug-19,1,C,23,5,27,F,2,2,R,,,27,0
2019,37687164,122777682,1,18-Sep-19,1,C,51,5,52,M,1,2,R,,,52,0
2019,37687186,122777698,1,15-Apr-19,1,C,23,5,37,F,1,2,R,,,37,0
2019,37694003,122777715,1,14-May-19,1,C,16,5,26,F,2,2,N,,,26,0
2019,37687213,122777722,1,11-Feb-19,1,M,16,5,21,M,1,,N,,,21,0
2019,37694027,122777734,1,12-Feb-19,1,M,23,5,16,F,1,1,N,H,,16,0
2019,37687222,122777734,2,12-Feb-19,1,M,23,5,17,F,2,2,N,H,,17,0
2019,37694028,122777734,3,12-Feb-19,1,M,23,5,15,F,1,1,N,H,,15,0
2019,37687244,122777755,1,22-Sep-19,1,C,16,5,27,F,2,2,N,,,27,0
2019,37687266,122777776,1,23-Sep-19,1,C,51,5,36,F,2,2,R,,,36,0
2019,37687281,122777788,1,19-Apr-19,1,M,45,5,33,M,4,2,N,,,33,0
2019,37687283,122777790,2,19-May-19,1,C,51,5,22,F,1,2,N,,,22,0
2019,37687284,122777790,1,19-May-19,1,C,51,5,23,M,1,2,R,,,23,0
2019,37694113,122777803,1,27-Jun-19,1,C,16,5,39,M,1,2,N,,,39,0
2019,37694136,122777826,1,28-Jun-19,1,C,51,5,25,M,2,2,R,,,25,0
2019,37687335,122777834,1,16-Feb-19,1,C,16,5,46,M,2,2,N,,,46,0
2019,37687341,122777839,1,28-Jun-19,1,C,51,5,32,M,2,2,R,,,32,0
2019,37694154,122777846,1,28-Sep-19,1,M,23,5,49,F,1,2,N,,,49,0
2019,37687350,122777851,1,28-Jun-19,1,C,23,5,24,M,2,2,N,,,24,0
2019,37687352,122777854,1,28-Jun-19,1,M,16,5,49,M,1,2,R,,,49,0
2019,37687360,122777864,1,29-Sep-19,1,C,51,5,36,F,2,2,R,,,36,0
2019,37687362,122777867,1,29-Sep-19,1,C,49,5,59,M,2,2,R,,,59,0
2019,37687369,122777875,1,30-Jan-19,1,C,16,5,21,M,2,2,N,,,21,0
2019,37687372,122777878,1,22-Mar-19,1,C,16,5,20,M,2,2,R,,,20,0
2019,37687378,122777883,1,22-Mar-19,1,C,16,5,24,M,2,2,N,,,24,0
2019,37687379,122777884,1,30-Jun-19,1,C,51,5,15,M,2,2,R,R,,15,0
2019,37686894,122784181,1,2-Apr-19,1,C,51,5,42,M,1,2,R,,,42,0
2019,37693688,122777410,1,1-Jul-19,1,N,51,5,41,M,1,2,R,,,41,0
2019,37687008,122777508,1,7-Sep-19,1,C,51,5,33,M,1,2,R,,,33,0
2019,37687012,122777517,1,24-Apr-19,3,C,41,5,41,F,2,2,N,,,41,0
2019,37687016,122777520,1,4-Aug-19,1,C,16,5,24,M,2,2,N,,,24,0
2019,37684113,122777545,1,8-Mar-19,1,C,49,5,59,M,1,2,R,,,59,0
2019,37687046,122777548,1,13-May-19,3,C,5,5,63,F,1,2,R,,,63,0
2019,37684120,122784276,1,20-Feb-20,1,N,45,5,23,M,2,2,R,,,23,0
2019,37687060,122777563,1,8-Mar-19,1,C,23,5,42,M,2,2,N,,,42,0
2019,37693845,122773395,1,5-Jul-19,1,C,16,5,48,M,1,2,R,,,48,0
2019,37687085,122777586,2,12-Sep-19,1,C,35,5,63,F,4,2,R,,,63,0
2019,37687086,122777586,1,12-Sep-19,1,C,35,5,65,M,1,2,R,,,65,0
2019,37687090,122777594,1,12-Sep-19,1,C,23,5,16,M,2,2,N,H,,16,0
2019,37687105,122777613,1,16-Jan-19,1,C,16,5,30,M,2,2,R,,,30,0
2019,37684008,122773236,1,3-Jan-19,1,N,23,5,41,F,2,2,R,,,41,0
2019,37686936,122777441,1,3-Sep-19,1,N,49,5,26,M,1,2,N,,,26,0
2019,37684043,122777451,1,3-Apr-19,1,C,51,5,46,M,1,2,R,,,46,0
2019,37686951,122777451,2,3-Apr-19,1,C,51,5,38,F,1,2,R,,,38,0
2019,37684046,122773284,2,7-Jan-19,1,C,23,5,19,F,2,2,N,,,19,0
2019,37686956,122773284,1,7-Jan-19,1,C,23,5,19,M,2,2,N,,,19,0
2019,37684049,122777457,1,3-Apr-19,1,C,16,5,38,M,1,2,R,,,38,0
2019,37686979,122777476,1,8-Jan-19,1,C,40,5,28,F,1,2,N,,,28,0
2019,37687011,122777514,1,11-Jan-19,1,C,23,5,18,F,2,2,N,,,18,0
2019,37684093,122777515,1,5-Apr-19,1,C,16,5,17,M,2,2,R,R,,17,0
2019,37693791,122777531,1,13-Jan-19,1,C,51,5,40,M,2,2,R,,,40,0
2019,37693803,122777538,1,6-May-19,1,C,51,5,34,M,0,1,N,,,34,0
2019,37684126,122784280,1,6-Aug-19,1,C,35,5,22,F,1,2,R,,,22,0
2019,37687055,122777556,1,12-Jun-19,1,C,49,5,21,M,1,2,R,,,21,0
2019,37687057,122777557,1,10-Sep-19,1,N,23,5,38,F,1,2,N,,,38,0
2019,37687063,122777564,1,7-Apr-19,1,C,16,5,19,M,1,2,R,,,19,0
2019,37687069,122777568,1,6-May-19,1,N,16,5,22,M,2,2,R,,,22,0
2019,37693881,122777599,1,8-May-19,1,C,16,5,31,M,1,2,R,,,31,0
2019,37687095,122777602,1,10-Apr-19,1,C,16,5,53,F,1,2,N,,,53,0
2019,37693890,122777607,1,13-Sep-19,1,C,16,5,36,M,1,2,N,,,36,0
2019,37693893,122773436,1,16-Jan-19,1,C,51,5,27,M,1,2,N,,,27,0
2019,37693919,122777637,1,15-Sep-19,1,C,51,5,24,M,2,2,R,,,24,0
2019,37693925,122777644,2,11-Aug-19,1,C,16,5,33,F,1,2,N,,,33,0
2019,37693926,122777644,3,11-Aug-19,1,C,16,5,46,M,1,2,N,,,46,0
2019,37687137,122777652,1,16-Sep-19,3,C,44,5,21,F,2,2,N,,,21,0
2019,37687136,122777652,2,16-Sep-19,3,C,44,5,21,F,2,2,N,,,21,0
2019,37693955,122777674,1,15-Aug-19,1,C,23,5,51,M,1,2,N,,,51,0
2019,37687178,122777693,1,15-Apr-19,1,C,16,5,49,F,1,2,R,,,49,0
2019,37684218,122777701,1,19-Sep-19,1,C,23,5,23,F,2,2,N,,,23,0
2019,37687195,122777706,1,20-Sep-19,1,C,16,5,29,M,2,2,R,,,29,0
2019,37687201,122777712,2,20-Sep-19,1,N,51,5,41,F,1,2,R,,,41,0
2019,37687200,122777712,1,20-Sep-19,1,N,51,5,45,F,1,2,R,,,45,0
2019,37687217,122777725,1,17-Apr-19,1,C,16,5,26,M,1,2,R,,,26,0
2019,37687228,122777736,1,15-May-19,1,C,39,5,32,M,2,2,R,,,32,0
2019,37694037,122777741,1,13-Jul-19,1,C,23,5,21,F,2,2,N,,,21,0
2019,37687241,122777753,1,17-May-19,1,C,16,5,49,F,1,2,N,,,49,0
2019,37687249,122777757,1,18-May-19,1,M,51,5,43,M,2,2,N,,,43,0
2019,37684283,122784430,1,16-Mar-19,1,C,16,5,26,M,2,2,R,,,26,0
2019,37694078,122773600,1,14-Feb-19,1,C,44,5,44,M,1,2,N,,,44,0
2019,37694083,122777785,1,14-Feb-19,1,C,23,5,26,F,2,2,N,,,26,0
2019,37687289,122777793,1,24-Sep-19,1,C,16,5,22,F,1,2,N,,,22,0
2019,37687293,122777798,1,21-May-19,1,C,16,5,56,M,1,2,N,,,56,0
2019,37687299,122777802,1,22-Aug-19,1,C,5,5,22,F,2,2,N,,,22,0
2019,37687300,122777802,2,22-Aug-19,1,C,5,5,27,M,2,2,N,,,27,0
2019,37687318,122777820,1,23-Aug-19,1,C,23,5,15,M,2,2,N,H,,15,0
2019,37684329,122777825,1,17-Jul-19,1,C,45,5,21,M,1,1,R,,,21,0
2019,37684331,122777828,1,16-Feb-19,1,C,28,5,46,M,2,2,N,,,46,0
2019,37687334,122777833,1,18-Jul-19,1,C,16,5,30,M,1,2,N,,,30,0
2019,37687340,122777838,1,18-Jul-19,1,C,46,5,27,M,1,2,R,,,27,0
2019,37684353,122773682,1,20-Mar-19,1,C,51,5,33,M,1,2,U,,,33,0
2019,37694173,122777856,1,19-Jul-19,1,C,16,5,21,M,1,2,R,,,21,0
2019,37687359,122784503,1,29-Sep-19,1,C,51,5,34,M,1,2,R,,,34,0
2019,37687371,122777877,1,20-Feb-19,3,C,23,5,39,M,2,2,N,,,39,0
2019,37687376,122777881,1,25-May-19,1,C,23,5,16,M,2,2,N,H,,16,0
2019,37687380,122777885,1,31-Jan-19,1,N,16,5,20,M,2,2,R,,,20,0
2019,37694214,122777887,1,27-Aug-19,1,C,16,5,42,F,1,2,N,,,42,0
2019,37687395,122777899,1,30-Apr-19,1,C,23,5,65,F,2,2,N,,,65,0
2019,37687404,122777903,1,27-May-19,1,C,23,5,18,M,1,2,N,,,18,0
2019,37687406,122777905,2,28-May-19,1,N,16,5,21,M,2,2,R,,,21,0
2019,37687407,122777905,1,28-May-19,1,N,16,5,22,F,2,2,R,,,22,0
2019,37687417,122777916,3,22-Jul-19,1,C,23,5,19,M,1,2,R,,,19,0
2019,37694263,122777916,1,22-Jul-19,1,C,23,5,19,F,1,2,N,,,19,0
2019,37687416,122777916,2,22-Jul-19,1,C,23,5,20,M,2,2,N,,,20,0
2019,37694268,122777918,1,24-Mar-19,1,C,23,5,28,M,1,2,R,,,28,0
2019,37687448,122777946,1,30-May-19,1,C,23,5,47,F,1,2,N,,,47,0
2019,37694295,122777953,1,2-Jun-19,3,C,51,5,26,M,2,2,N,,,26,0
2019,37687457,122777955,1,25-Jul-19,1,N,51,5,46,M,1,2,N,,,46,0
2019,37694299,122777956,1,15-Apr-19,3,C,51,5,37,M,1,2,R,,,37,0
2019,37694308,122777963,1,26-Jul-19,3,M,51,5,27,F,1,2,R,,,27,0
2019,37687461,122777964,1,26-Jul-19,3,C,51,5,30,M,1,2,N,,,30,0
2019,37687462,122777965,1,26-Jul-19,1,N,16,5,40,F,1,2,N,,,40,0
2019,37687463,122777966,1,26-Jul-19,1,C,16,5,22,M,2,2,N,,,22,0
2019,37687464,122777967,1,27-Jul-19,1,M,16,5,38,F,1,2,N,,,38,0
2019,37687465,122777968,2,27-Jul-19,1,C,23,5,28,F,1,2,N,,,28,0
2019,37687466,122777968,1,27-Jul-19,1,C,23,5,23,F,2,2,N,,,23,0
2019,37687467,122777969,1,28-Jul-19,1,C,16,5,23,F,2,2,R,,,23,0
2019,37687468,122777970,1,28-Jul-19,1,C,16,5,32,M,2,2,N,,,32,0
2019,37687113,122777625,1,14-Sep-19,1,N,23,5,32,M,2,2,N,,,32,0
2019,37684192,122777639,1,20-Jun-19,3,C,45,5,21,M,1,3,N,,,21,0
2019,37693927,122777645,1,8-Feb-19,1,N,16,5,21,M,2,2,N,,,21,0
2019,37684208,122777657,1,9-Jul-19,1,C,16,5,41,M,0,2,N,,,41,0
2019,37693939,122773475,1,17-Sep-19,1,C,51,5,29,M,1,2,R,,,29,0
2019,37687185,122784371,1,13-May-19,1,C,27,5,25,M,2,2,R,,,25,0
2019,37687199,122777711,1,21-Jun-19,1,C,16,5,26,M,1,2,R,,,26,0
2019,37687203,122777714,1,11-Feb-19,3,C,23,5,33,M,2,2,N,,,33,0
2019,37687204,122777716,1,21-Jun-19,1,C,16,5,33,M,2,2,R,,,33,0
2019,37687210,122777720,1,14-May-19,1,C,16,5,32,M,2,2,N,,,32,0
2019,37687219,122777728,1,17-Aug-19,1,C,23,5,18,M,2,2,N,,,18,0
2019,37694041,122777746,1,22-Sep-19,1,C,23,5,20,F,2,2,N,,,20,0
2019,37694042,122777748,1,16-May-19,1,C,23,5,17,F,1,2,R,H,,17,0
2019,37684270,122777761,1,24-Jun-19,1,C,16,5,42,M,1,2,R,,,42,0
2019,37687274,122777782,1,19-May-19,1,C,23,5,46,F,2,2,N,,,46,0
2019,37687384,122777888,1,30-Jun-19,1,C,23,5,26,F,2,2,N,,,26,0
2019,37687389,122777892,1,30-Jun-19,1,C,16,5,26,F,2,2,N,,,26,0
2019,37684385,122784526,1,22-Feb-19,1,C,23,5,53,F,2,2,N,,,53,0
2019,37687415,122777915,1,30-Apr-19,1,C,16,5,27,M,2,2,R,,,27,0
2019,37687431,122777930,1,23-Jul-19,1,N,16,5,26,M,1,2,N,,,26,0
2019,37687435,122777934,1,23-Jul-19,1,C,51,5,26,F,2,2,R,,,26,0
2019,37694283,122773792,1,31-Aug-19,1,C,39,5,27,M,1,2,R,,,27,0
2019,37687441,122777940,1,23-Jul-19,1,C,51,5,38,M,1,2,N,,,38,0
2019,37687445,122777942,1,23-Jul-19,1,C,44,5,38,M,1,2,R,,,38,0
2019,37694291,122777947,1,24-Jul-19,1,C,23,5,22,F,2,2,N,,,22,0
2019,37687469,122777971,1,28-Jul-19,1,C,35,5,30,F,2,2,R,,,30,0
2019,37687470,122777971,2,28-Jul-19,1,C,35,5,39,M,1,2,R,,,39,0
2019,37687471,122777972,1,28-Jul-19,1,C,23,5,28,F,1,3,N,,,28,0
2019,37687472,122777973,1,31-Jul-19,1,C,44,5,20,M,1,2,R,,,20,0
2019,37687474,122777978,1,31-Jul-19,1,C,35,5,42,M,1,2,N,,,42,0
2019,37687475,122777979,1,1-Aug-19,1,C,51,5,23,M,2,2,N,,,23,0
2019,37687476,122777980,1,12-Aug-19,3,C,28,5,18,F,2,2,N,,,18,0
2019,37687477,122777981,1,9-Sep-19,3,C,5,5,48,M,3,2,R,,,48,0
2019,37687478,122777981,2,9-Sep-19,3,C,51,5,27,F,1,2,R,,,27,0
2019,37687479,122777982,1,24-Sep-19,3,C,45,5,20,F,1,1,N,,,20,0
2019,37687480,122777983,1,3-Sep-19,3,N,45,5,18,F,2,2,R,,,18,0
2019,37687481,122777984,1,26-Feb-20,3,C,2,5,36,F,2,2,N,,,36,0
2019,37687388,122777891,2,28-Apr-19,1,C,35,5,35,M,1,2,N,,,35,0
2019,37687386,122777891,1,28-Apr-19,1,C,35,5,36,M,1,2,N,,,36,0
2019,37687387,122777891,3,28-Apr-19,1,C,35,5,36,M,1,2,N,,,36,0
2019,37687390,122777894,1,26-May-19,1,M,23,5,23,F,1,2,N,,,23,0
2019,37687403,122777902,1,30-Jun-19,1,C,35,5,36,F,1,2,N,,,36,0
2019,37687402,122777902,2,30-Jun-19,1,C,35,5,63,F,4,2,N,,,63,0
2019,37687405,122777904,1,23-Jul-19,3,C,51,5,38,M,1,2,N,,,38,0
2019,37694258,122777910,1,28-May-19,1,C,16,5,22,M,2,2,R,,,22,0
2019,37687412,122777911,1,30-Sep-19,3,C,51,5,37,M,2,2,N,,,37,0
2019,37687421,122777921,1,25-Feb-19,1,C,23,5,30,M,2,2,N,,,30,0
2019,37687423,122777923,1,24-Apr-19,3,C,51,5,50,M,2,2,N,,,50,0
2019,37687427,122777926,1,30-May-19,1,C,16,5,32,M,1,2,N,,,32,0
2019,37687434,122777932,1,25-Mar-19,1,C,23,5,39,F,2,2,N,,,39,0
2019,37687446,122777943,1,29-Mar-19,1,C,23,5,49,F,1,2,N,,,49,0
2019,37687294,122777799,1,16-Mar-19,1,C,23,5,43,F,1,,N,,,43,0
2019,37684305,122773626,1,24-Jan-19,1,C,35,5,46,M,2,2,N,,,46,0
2019,37687303,122777808,1,24-Jan-19,1,C,23,5,19,F,1,2,N,,,19,0
2019,37687304,122777808,2,24-Jan-19,1,C,23,5,18,F,1,2,N,,,18,0
2019,37694123,122777812,1,25-Sep-19,1,C,35,5,51,M,1,2,N,,,51,0
2019,37694127,122773644,1,17-Jul-19,1,N,51,5,48,F,1,2,N,,,48,0
2019,37686896,122777404,1,1-Aug-19,1,C,39,5,16,M,2,2,N,R,,16,0
2019,37693710,122777429,1,1-Mar-19,1,C,16,5,25,F,2,3,N,,,25,0
2019,37686968,122777464,1,3-May-19,1,C,39,5,24,M,2,2,N,,,24,0
2019,37686974,122784226,1,18-Sep-19,3,C,51,5,21,M,1,2,R,,,21,0
2019,37686975,122777470,1,5-Jun-19,1,C,51,5,24,F,1,2,R,,,24,0
2019,37693743,122777490,1,2-Feb-19,1,C,45,5,53,M,1,,N,,,53,0
2019,37686999,122777500,1,7-Sep-19,1,C,23,5,21,F,2,2,N,,,21,0
2019,37687003,122777504,1,4-Aug-19,1,M,16,5,21,M,2,2,R,,,21,0
2019,37687009,122777512,1,3-Jul-19,1,C,16,5,26,M,1,2,R,,,26,0
2019,37684096,122777522,2,12-Jan-19,1,C,23,5,14,M,2,2,N,H,,14,0
2019,37684095,122777522,1,12-Jan-19,1,C,23,5,14,M,2,2,N,H,,14,0
2019,37687031,122777535,1,10-Jun-19,1,C,51,5,32,F,2,2,R,,,32,0
2019,37687051,122777554,1,10-Sep-19,1,C,23,5,31,F,2,2,R,,,31,0
2019,37693851,122777571,1,13-Jun-19,1,C,23,5,35,M,1,2,N,,,35,0
2019,37687077,122777577,1,9-Apr-19,1,C,51,5,25,M,1,2,R,,,25,0
2019,37687080,122777580,1,6-Jul-19,1,M,11,5,38,M,2,2,N,,,38,0
2019,37684151,122777592,1,9-Apr-19,1,C,35,5,41,M,1,2,N,,,41,0
2019,37684161,122773433,1,7-Feb-19,1,C,16,5,41,M,2,2,N,,,41,0
2019,37687106,122777614,1,9-May-19,1,C,51,5,29,M,1,2,U,,,29,0
2019,37693906,122777620,1,10-May-19,1,C,23,5,36,F,1,2,N,,,36,0
2019,37687118,122777632,1,16-Jun-19,1,C,16,5,27,M,2,2,N,,,27,0
2019,37693921,122777641,1,12-Apr-19,1,C,23,5,16,M,2,2,N,H,,16,0
2019,37687131,122777647,1,18-Jan-19,1,C,28,5,20,M,2,2,R,,,20,0
2019,37693935,122777651,2,8-Feb-19,1,C,16,5,26,F,2,2,N,,,26,0
2019,37684204,122777651,1,8-Feb-19,1,C,16,5,25,M,2,2,N,,,25,0
2019,37687141,122777659,1,13-Aug-19,1,M,23,5,20,M,1,2,R,,,20,0
2019,37687147,122777662,1,18-Jun-19,1,C,16,5,40,M,1,2,U,,,40,0
2019,37687154,122777668,1,15-Aug-19,1,C,23,5,32,F,2,2,R,,,32,0
2019,37687173,122777689,1,18-Sep-19,1,C,23,5,22,M,2,2,N,,,22,0
2019,37687190,122777700,1,9-Apr-19,3,C,5,5,27,M,1,2,R,,,27,0
2019,37687192,122777704,1,17-Aug-19,1,C,16,5,30,F,1,2,N,,,30,0
2019,37687212,122777721,2,17-Aug-19,1,C,23,5,38,F,2,2,N,,,38,0
2019,37687211,122777721,1,17-Aug-19,1,C,23,5,48,F,2,2,N,,,48,0
2019,37687220,122777729,1,12-Jul-19,1,C,35,5,29,M,2,2,U,,,29,0
2019,37687231,122777743,1,23-Jun-19,1,C,23,5,39,M,2,2,N,,,39,0
2019,37684261,122777749,1,23-Jun-19,1,M,16,5,39,M,2,2,N,,,39,0
2019,37684268,122777759,1,23-Sep-19,1,C,16,5,29,M,2,2,N,,,29,0
2019,37687258,122777765,1,19-Mar-19,3,C,5,5,18,F,2,2,N,,,18,0
2019,37687265,122777773,1,15-Jul-19,1,C,16,5,38,M,1,2,N,,,38,0
2019,37694075,122784432,1,14-Feb-19,1,C,51,5,20,M,2,2,R,,,20,0
2019,37694076,122777780,1,24-Jun-19,1,C,16,5,57,M,1,2,N,,,57,0
2019,37687276,122777784,1,19-May-19,1,N,51,5,48,F,1,2,R,,,48,0
2019,37694165,122773680,1,20-Feb-19,3,C,32,5,36,M,1,2,N,,,36,0
2019,37687353,122777855,1,4-Aug-19,3,C,45,5,18,M,2,2,N,,,18,0
2019,37694184,122777863,1,25-Aug-19,1,C,23,5,51,F,1,2,N,,,51,0
2019,37687368,122777874,1,19-Feb-19,1,C,16,5,19,F,2,2,R,,,19,0
2019,37684371,122784514,1,26-Apr-19,1,C,16,5,21,M,2,2,N,,,21,0
2019,37687370,122777876,1,30-Sep-19,1,C,23,5,47,M,1,2,N,,,47,0
2019,37687373,122777879,1,20-Jul-19,1,C,23,5,17,M,2,2,R,H,,17,0
2019,37687385,122777890,1,31-May-19,3,C,44,5,31,M,2,2,N,,,31,0
2019,37694226,122773730,1,29-Apr-19,1,C,51,5,20,M,1,2,R,,,20,0
2019,37687397,122777900,1,16-Sep-19,3,C,5,5,30,F,1,2,N,,,30,0
2019,37687399,122777901,1,28-Aug-19,1,C,23,5,34,F,2,2,R,,,34,0
2019,37694249,122773755,2,2-Mar-19,3,N,48,5,25,F,2,2,R,,,25,0
2019,37694248,122773755,1,25-Feb-19,3,C,51,5,28,M,2,2,N,,,28,0
2019,37694254,122773759,1,30-Apr-19,1,N,16,5,27,F,2,2,R,,,27,0
2019,37687411,122773766,1,24-Mar-19,1,C,16,5,42,M,2,2,N,,,42,0
2019,37694270,122777919,1,30-Apr-19,1,C,16,5,28,M,2,2,R,,,28,0
2019,37687422,122777922,1,11-Jun-19,3,C,23,5,51,F,1,2,N,,,51,0
2019,37687424,122777924,1,22-Jul-19,1,C,35,5,20,M,1,2,R,,,20,0
2019,37687426,122777927,1,30-Aug-19,1,C,16,5,27,M,1,2,N,,,27,0
2019,37687428,122777927,2,30-Aug-19,1,C,16,5,33,F,1,2,N,,,33,0
2019,37694279,122777936,1,26-Feb-19,1,C,16,5,23,M,2,2,R,,,23,0
2019,37687438,122777938,1,26-Mar-19,1,C,16,5,24,M,2,3,R,,,24,0
2019,37694284,122773794,1,24-Jul-19,1,C,51,5,38,M,1,2,N,,,38,0
2019,37687442,122773798,1,29-Mar-19,1,C,16,5,27,M,1,,R,,,27,0
2019,37694289,122777944,1,31-Aug-19,1,C,16,5,30,M,1,2,N,,,30,0
2019,37687449,122777948,1,31-Mar-19,1,C,44,5,25,F,1,2,R,,,25,0
2019,37687451,122777950,1,31-Aug-19,1,M,16,5,30,F,1,2,R,,,30,0
2019,37687460,122777960,1,1-Aug-19,3,C,23,5,22,F,1,3,N,,,22,0
2019,37694307,122777962,1,3-Feb-19,3,C,23,5,29,M,2,2,R,,,29,0
2019,37686898,122777408,2,1-Sep-19,1,C,23,5,14,M,1,1,R,H,,14,0
2019,37686912,122777423,1,1-Feb-19,1,C,16,5,27,M,2,2,N,,,27,0
2019,37686926,122777431,1,2-May-19,1,C,23,5,27,M,1,2,N,,,27,0
2019,37686949,122777450,1,2-May-19,1,C,16,5,27,M,1,2,N,,,27,0
2019,37693730,122777454,1,3-Mar-19,1,C,16,5,34,M,1,2,R,,,34,0
2019,37686980,122777475,1,4-Mar-19,1,N,16,5,31,M,2,2,R,,,31,0
2019,37686986,122777485,1,4-May-19,1,C,16,5,27,F,1,2,N,,,27,0
2019,37686903,122773245,1,20-Feb-20,3,N,45,5,36,F,1,2,N,,,36,0
2019,37693722,122773271,1,3-Aug-19,1,C,23,5,62,F,1,2,N,,,62,0
2019,37693725,122773279,1,3-Aug-19,1,N,23,5,66,F,1,2,N,,,66,0
2019,37693751,122773307,1,3-Feb-19,1,M,16,5,28,M,2,2,N,,,28,0
2019,37693758,122773315,1,5-Mar-19,1,N,51,5,32,M,1,1,R,,,32,0
2019,37687004,122777503,1,5-May-19,1,C,51,5,44,M,1,2,R,,,44,0
2019,37693772,122773329,1,8-Apr-19,3,C,23,5,20,F,1,2,N,,,20,0
2019,37693770,122773329,2,8-Apr-19,3,C,23,5,18,F,1,2,N,,,18,0
2019,37693802,122773355,1,4-Jul-19,1,M,23,5,26,F,1,2,N,,,26,0
2019,37693804,122773355,2,4-Jul-19,1,C,23,5,45,F,1,2,R,,,45,0
2019,37693825,122773374,1,5-Jul-19,1,C,16,5,23,M,1,2,N,,,23,0
2019,37693829,122773379,1,11-Jun-19,1,C,23,5,34,M,2,2,N,,,34,0
2019,37684144,122784296,1,15-Jan-19,1,C,35,5,45,M,1,2,N,,,45,0
2019,37684148,122773410,1,6-Feb-19,1,C,51,5,30,F,1,,R,,,30,0
2019,37693864,122773415,1,15-Jan-19,1,N,16,5,27,M,2,2,N,,,27,0
2019,37693933,122773468,1,8-Jul-19,1,M,51,5,37,F,1,2,R,,,37,0
2019,37693966,122773498,1,16-Aug-19,1,C,16,5,36,M,1,2,R,,,36,0
2019,37693973,122773506,1,11-Jul-19,1,N,16,5,21,M,2,3,R,,,21,0
2019,37687175,122773507,1,20-Jun-19,1,C,16,5,36,F,1,2,N,,,36,0
2019,37693996,122773526,1,12-Mar-19,1,C,16,5,24,M,2,3,R,,,24,0
2019,37687208,122784386,1,19-Jan-19,1,C,40,5,22,M,2,2,R,,,22,0
2019,37694017,122773540,1,21-Jun-19,1,M,16,5,26,M,1,2,R,,,26,0
2019,37694026,122773549,1,21-Jun-19,1,C,39,5,30,M,2,2,N,,,30,0
2019,37694031,122773554,1,13-Mar-19,3,C,16,5,33,M,1,2,N,,,33,0
2019,37687230,122777740,1,22-Sep-19,1,N,23,5,39,F,1,2,R,,,39,0
2019,37694048,122773570,1,22-Sep-19,1,C,16,5,20,F,2,2,R,,,20,0
2019,37694063,122773587,1,17-Apr-19,1,C,16,5,17,M,2,2,R,H,,17,0
2019,37694066,122784427,1,21-Aug-19,1,C,23,5,33,M,1,2,R,,,33,0
2019,37694068,122773593,1,22-Jan-19,1,C,23,5,17,M,2,2,R,H,,17,0
2019,37687272,122773598,1,23-Jan-19,1,C,23,5,32,M,1,2,N,,,32,0
2019,37694089,122773610,1,14-Feb-19,1,C,23,5,26,F,1,2,N,,,26,0
2019,37694120,122773637,1,16-Mar-19,1,C,23,5,17,F,1,2,N,H,,17,0
2019,37687329,122773662,1,17-Jul-19,1,C,16,5,25,M,2,2,N,,,25,0
2019,37694149,122784485,1,24-Apr-19,1,N,28,5,40,M,2,2,N,,,40,0
2019,37694150,122773669,1,27-Sep-19,1,N,23,5,49,M,2,2,N,,,49,0
2019,37694151,122773669,2,27-Sep-19,1,N,23,5,47,F,2,2,N,,,47,0
2019,37694174,122773687,1,18-Feb-19,1,C,23,5,20,F,2,2,N,,,20,0
2019,37694175,122773687,2,18-Feb-19,1,C,23,5,20,F,2,2,N,,,20,0
2019,37684359,122773689,1,25-Aug-19,1,M,16,5,63,M,2,2,N,,,63,0
2019,37687361,122773697,1,20-Mar-19,1,N,23,5,18,F,1,2,R,,,18,0
2019,37694195,122773701,1,29-Jun-19,1,C,16,5,23,M,2,2,R,,,23,0
2019,37694199,122773705,1,26-Apr-19,1,C,51,5,26,F,2,2,N,,,26,0
2019,37684370,122773708,1,19-Jul-19,1,C,23,5,27,M,2,2,R,,,27,0
2019,37694202,122773709,1,26-Aug-19,1,N,51,5,22,M,1,,N,,,22,0
2019,37687383,122773721,1,28-Apr-19,1,C,51,5,37,M,2,2,R,,,37,0
2019,37694234,122773739,1,23-Mar-19,1,N,23,5,19,F,1,2,N,,,19,0
2019,37694233,122773739,2,23-Mar-19,1,N,23,5,16,F,2,2,N,H,,16,0
2019,37694257,122773762,1,24-Feb-19,1,C,23,5,26,M,1,2,N,,,26,0
2019,37687414,122773769,1,25-Feb-19,1,C,35,5,38,F,2,2,N,,,38,0
2019,37694267,122773773,1,25-Feb-19,1,C,28,5,23,M,1,2,N,,,23,0
2019,37694271,122773776,1,22-Jul-19,1,C,23,5,18,F,1,2,R,,,18,0
2019,37687429,122773782,1,25-Mar-19,1,C,16,5,38,F,1,3,R,,,38,0
2019,37687432,122773785,1,25-Feb-19,1,C,16,5,35,M,2,2,N,,,35,0
2019,37687433,122773785,2,25-Feb-19,1,C,16,5,31,M,2,2,N,,,31,0
2019,37687436,122773791,1,23-Jul-19,1,C,16,5,22,M,2,2,N,,,22,0
2019,37694288,122773801,1,30-May-19,1,C,16,5,32,M,2,2,N,,,32,0
2019,37694292,122777951,1,30-May-19,1,C,16,5,47,F,1,2,N,,,47,0
2019,37687453,122773807,1,24-Jul-19,1,C,23,5,18,M,2,2,N,,,18,0
2019,37694297,122773810,1,12-Mar-19,3,C,5,5,45,F,4,2,R,,,45,0
2019,37687458,122773815,1,25-Jul-19,1,C,23,5,72,F,1,2,N,,,72,0
2019,37694305,122773819,1,18-Apr-19,1,C,11,5,42,M,1,2,N,,,42,0
2019,37684010,122773240,1,1-Jun-19,1,C,20,5,26,M,2,2,N,,,26,0
2019,37693694,122773244,1,1-Feb-19,1,C,16,5,44,F,1,2,N,,,44,0
2019,37693706,122773255,2,2-Apr-19,1,C,23,5,33,F,1,2,N,,,33,0
2019,37686915,122773255,1,2-Apr-19,1,C,23,5,37,M,1,2,N,,,37,0
2019,37693731,122773286,1,15-Feb-19,3,C,23,5,19,F,2,2,R,,,19,0
2019,37686993,122773301,1,6-Sep-19,1,C,16,5,32,M,2,2,R,,,32,0
2019,37684075,122784241,1,10-Jan-19,1,C,11,5,55,M,1,2,N,,,55,0
2019,37684089,122773330,1,9-Jun-19,1,C,16,5,19,M,1,1,R,,,19,0
2019,37693778,122773335,1,3-Jul-19,1,N,35,5,35,M,2,2,N,,,35,0
2019,37687028,122777533,1,5-May-19,1,C,51,5,35,M,1,2,R,,,35,0
2019,37693835,122773387,1,7-Apr-19,1,C,23,5,28,F,1,2,N,,,28,0
2019,37684132,122773390,1,6-Feb-19,1,C,23,5,24,M,2,2,N,,,24,0
2019,37687070,122777569,1,9-Apr-19,1,C,51,5,21,F,2,2,N,,,21,0
2019,37693863,122773413,1,9-Apr-19,1,C,16,5,21,F,2,2,R,,,21,0
2019,37684160,122784316,1,9-Mar-19,1,M,16,5,23,M,2,2,N,,,23,0
2019,37694227,122773732,1,23-Mar-19,1,M,28,5,32,M,1,2,N,,,32,0
2019,37684386,122773737,1,26-May-19,3,C,28,5,32,M,1,2,R,,,32,0
2019,37687398,122773742,1,26-Jul-19,3,C,51,5,33,M,1,2,N,,,33,0
2019,37687400,122773749,2,23-Feb-19,1,C,28,5,30,M,2,2,N,,,30,0
2019,37687401,122773749,1,23-Feb-19,1,C,28,5,30,F,2,2,N,,,30,0
2019,37694245,122773752,2,28-Aug-19,1,C,23,5,39,F,1,2,N,,,39,0
2019,37694244,122773752,1,28-Aug-19,1,C,23,5,36,F,1,2,N,,,36,0
2019,37694255,122773760,1,29-Aug-19,1,C,23,5,38,M,1,3,N,,,38,0
2019,37694260,122773765,1,30-Apr-19,1,N,11,5,26,F,1,2,N,,,26,0
2019,37684009,122773237,1,1-Feb-19,1,C,23,5,21,M,2,2,N,,,21,0
2019,37693695,122773247,1,1-Jul-19,1,C,51,5,22,F,2,2,R,,,22,0
2019,37686928,122773265,1,1-Jul-19,1,N,16,5,19,M,1,2,R,,,19,0
2019,37684087,122784249,1,3-Feb-19,1,C,23,5,41,M,2,2,N,,,41,0
2019,37684117,122773368,1,13-Jan-19,1,C,39,5,18,M,2,2,N,,,18,0
2019,37693895,122777612,1,14-Sep-19,1,C,16,5,56,F,1,2,N,,,56,0
2019,37684181,122773448,1,15-Jul-19,3,C,45,5,40,F,1,2,N,,,40,0
2019,37693911,122773451,1,10-May-19,1,C,23,5,41,F,2,2,N,,,41,0
2019,37693930,122773465,1,13-Apr-19,1,M,27,5,29,M,1,1,N,,,29,0
2019,37693961,122773490,1,26-Aug-19,3,C,23,5,40,F,1,2,N,,,40,0
2019,37687158,122773494,1,9-Jul-19,1,C,16,5,32,M,1,2,N,,,32,0
2019,37687162,122777679,1,15-Apr-19,1,C,16,5,30,F,1,2,R,,,30,0
2019,37693970,122773504,1,11-Feb-19,1,C,23,5,40,M,2,2,N,,,40,0
2019,37687177,122773509,1,28-May-19,3,C,45,5,40,F,1,,N,,,40,0
2019,37693989,122773519,1,11-Mar-19,1,N,16,5,24,M,1,2,R,,,24,0
2019,37694012,122773535,1,21-Jun-19,1,C,11,5,34,M,2,2,N,,,34,0
2019,37694016,122773539,1,19-Mar-19,3,C,49,5,47,F,1,,N,,,47,0
2019,37694032,122773555,1,18-Aug-19,1,C,16,5,33,F,1,1,N,,,33,0
2019,37694039,122773563,1,18-Aug-19,1,C,23,5,17,M,1,2,N,H,,17,0
2019,37694044,122773566,1,13-Jul-19,1,C,16,5,29,M,2,2,R,,,29,0
2019,37694062,122773583,1,18-May-19,1,M,16,5,43,M,2,2,N,,,43,0
2019,37684277,122773589,1,22-Jan-19,1,C,39,5,29,M,2,2,N,,,29,0
2019,37684286,122777779,1,18-Apr-19,1,C,51,5,22,M,2,2,R,,,22,0
2019,37684313,122773632,1,23-Aug-19,1,C,23,5,27,F,1,,N,,,27,0
2019,37694124,122773641,1,17-Mar-19,1,C,39,5,21,M,2,2,N,,,21,0
2019,37694135,122773655,1,24-Apr-19,1,C,23,5,21,F,2,2,N,,,21,0
2019,37687330,122773663,1,28-Jun-19,1,C,51,5,55,M,1,2,R,,,55,0
2019,37694145,122773667,1,18-Mar-19,1,C,51,5,39,F,1,2,R,,,39,0
2019,37694168,122773683,2,24-Aug-19,1,C,23,5,26,F,1,2,N,,,26,0
2019,37694167,122773683,1,24-Aug-19,1,C,23,5,26,M,1,2,N,,,26,0
2019,37687357,122777859,1,29-Jun-19,1,C,23,5,18,M,2,2,N,,,18,0
2019,37694188,122773700,1,19-Jul-19,1,C,23,5,41,F,2,,R,,,41,0
2019,37694196,122773702,1,26-Apr-19,1,C,23,5,26,F,2,2,N,,,26,0
2019,37693707,122773257,1,1-Jun-19,1,C,23,5,19,M,2,2,N,,,19,0
2019,37693726,122773280,1,3-Apr-19,1,C,16,5,38,M,2,2,N,,,38,0
2019,37693687,122773241,1,1-May-19,1,C,35,5,35,M,1,2,R,,,35,0
2019,37686909,122773250,1,7-Feb-20,3,C,51,5,25,M,1,2,N,,,25,0
2019,37686922,122773261,1,4-Feb-20,3,C,28,5,38,M,2,2,N,,,38,0
2019,37693716,122773266,1,2-Apr-19,1,C,16,5,33,F,1,2,N,,,33,0
2019,37693757,122773313,1,4-Aug-19,1,N,16,5,30,M,1,2,R,,,30,0
2019,37684098,122773339,1,7-Mar-19,1,C,39,5,18,M,2,2,N,,,18,0
2019,37684103,122773346,2,4-Jul-19,1,C,16,5,28,M,2,2,N,,,28,0
2019,37684102,122773346,1,4-Jul-19,1,C,16,5,28,M,2,2,N,,,28,0
2019,37693808,122773357,1,10-Jun-19,1,C,51,5,20,M,3,1,R,,,20,0
2019,37693812,122773362,1,10-Sep-19,1,C,16,5,24,M,2,2,N,,,24,0
2019,37684123,122773375,1,13-Jan-19,1,C,35,5,46,F,1,2,R,,,46,0
2019,37693838,122773389,1,5-Jul-19,1,C,16,5,38,F,2,2,R,,,38,0
2019,37687062,122773392,2,11-Sep-19,1,C,51,5,22,F,2,2,R,,,22,0
2019,37687061,122773392,1,11-Sep-19,1,C,51,5,27,M,2,2,R,,,27,0
2019,37687096,122773429,1,18-Jan-19,3,C,51,5,31,M,2,2,N,,,31,0
2019,37693896,122773439,1,7-Jul-19,1,N,16,5,32,F,2,2,R,,,32,0
2019,37693899,122773444,1,7-Jul-19,1,C,51,5,54,M,2,2,R,,,54,0
2019,37687127,122773461,1,18-Jun-19,1,C,35,5,48,M,1,2,N,,,48,0
2019,37693932,122773466,1,29-Aug-19,3,N,51,5,37,M,2,2,R,,,37,0
2019,37687133,122777649,1,13-Aug-19,1,N,37,5,44,F,1,2,N,,,44,0
2019,37693938,122773472,1,13-Apr-19,1,N,23,5,16,M,1,1,N,H,,16,0
2019,37687144,122773472,2,13-Apr-19,1,N,23,5,14,M,1,1,N,H,,14,0
2019,37693951,122773484,1,17-Sep-19,1,C,23,5,50,F,2,2,R,,,50,0
2019,37687157,122773495,1,16-Aug-19,1,C,11,5,21,F,2,2,R,,,21,0
2019,37693991,122773520,1,15-May-19,3,C,45,5,32,M,1,2,N,,,32,0
2019,37694000,122773529,1,17-Aug-19,1,C,27,5,25,M,2,2,R,,,25,0
2019,37694024,122773547,1,15-May-19,1,C,23,5,35,M,2,2,N,,,35,0
2019,37684269,122784421,1,13-Feb-19,1,C,51,5,59,M,2,2,N,,,59,0
2019,37684276,122773588,1,24-Jun-19,1,C,23,5,24,F,1,2,N,,,24,0
2019,37694097,122773615,2,28-Jun-19,1,C,32,5,20,M,2,2,R,,,20,0
2019,37694096,122773615,1,1-Jul-19,1,C,32,5,20,M,2,2,R,,,20,0
2019,37694104,122773621,1,24-Jan-19,2,C,23,5,46,M,2,2,N,,,46,0
2019,37694103,122773621,2,24-Jan-19,1,M,23,5,56,M,2,2,N,,,56,0
2019,37684326,122773650,1,27-Jun-19,1,C,49,5,20,M,2,2,N,,,20,0
2019,37687326,122773657,1,25-Jan-19,1,C,51,5,19,M,1,2,R,,,19,0
2019,37694152,122773670,1,17-Feb-19,1,C,16,5,31,M,2,2,R,,,31,0
2019,37687346,122777843,1,26-Jan-19,1,N,23,5,77,F,2,,R,,,77,0
2019,37694177,122773688,1,6-May-19,3,C,40,5,31,M,1,2,N,,,31,0
2019,37684362,122784505,1,20-Mar-19,1,N,16,5,29,M,2,2,R,,,29,0
2019,37694204,122784516,1,30-Jun-19,1,M,39,5,29,M,2,2,R,,,29,0
2019,37694209,122773716,1,27-Aug-19,1,C,40,5,33,M,1,2,N,,,33,0
2019,37684381,122773720,1,20-Jul-19,1,C,16,5,32,M,2,2,R,,,32,0
2019,37694216,122773723,1,22-Mar-19,1,M,11,5,35,M,2,2,N,,,35,0
2019,37694224,122773729,2,20-Jul-19,1,C,39,5,22,M,2,2,N,,,22,0
2019,37694223,122773729,1,20-Jul-19,1,C,39,5,23,M,2,,N,,,23,0
2019,37687394,122777898,1,30-Jun-19,1,C,51,5,51,M,1,2,R,,,51,0
2019,37694240,122773747,1,21-Jul-19,1,C,23,5,33,M,1,2,N,,,33,0
2019,37694247,122773754,1,30-Apr-19,1,C,16,5,50,M,4,2,N,,,50,0
2019,37694252,122773758,1,24-Mar-19,1,C,16,5,19,M,2,2,R,,,19,0
2019,37694256,122773761,1,21-Jul-19,1,C,51,5,27,F,0,1,R,,,27,0
2019,37684369,122773707,2,30-Jun-19,1,C,16,5,41,F,1,2,N,,,41,0
2019,37684368,122773707,1,30-Jun-19,1,C,16,5,38,M,1,2,N,,,38,0
2019,37694203,122773710,1,24-May-19,1,C,44,5,30,F,1,2,R,,,30,0
2019,37694205,122773713,1,26-Aug-19,1,C,23,5,40,F,1,2,N,,,40,0
2019,37694208,122773715,1,20-Jul-19,1,C,51,5,23,F,1,2,R,,,23,0
2019,37694220,122773727,1,21-Feb-19,1,C,16,5,20,M,2,2,R,,,20,0
2019,37687391,122777895,1,28-Aug-19,1,C,23,5,32,F,1,2,N,,,32,0
2019,37687396,122773741,1,28-Aug-19,1,N,51,5,15,M,2,2,R,H,,15,0
2019,37694238,122773744,1,26-May-19,1,M,35,5,23,F,1,2,N,,,23,0
2019,37694241,122773746,1,30-Apr-19,1,N,39,5,25,M,2,2,N,,,25,0
2019,37694250,122777906,1,6-Sep-19,3,C,23,5,25,M,1,2,N,,,25,0
2019,37694265,122773771,1,29-Aug-19,1,C,23,5,51,F,1,2,N,,,51,0
2019,37694269,122773774,1,29-May-19,1,C,39,5,22,M,1,2,N,,,22,0
2019,37694276,122773781,1,22-Jul-19,1,C,23,5,26,F,1,3,N,,,26,0
2019,37693738,122773293,1,18-Feb-20,3,C,44,5,30,M,1,,R,,,30,0
2019,37693750,122773305,1,4-Mar-19,1,C,35,5,30,F,1,2,R,,,30,0
2019,37684076,122773310,1,4-May-19,1,M,16,5,40,M,2,2,N,,,40,0
2019,37693761,122773318,1,10-Jan-19,1,N,16,5,21,M,2,2,N,,,21,0
2019,37693767,122773322,1,11-Jan-19,1,C,23,5,28,M,1,2,R,,,28,0
2019,37693779,122773334,1,8-Sep-19,1,C,23,5,16,F,1,2,N,R,,16,0
2019,37687047,122773365,1,6-Apr-19,1,C,16,5,21,F,1,2,N,,,21,0
2019,37684119,122784275,1,6-Apr-19,1,N,49,5,25,M,2,2,R,,,25,0
2019,37684136,122773391,2,14-Jun-19,3,C,23,5,23,F,1,2,N,,,23,0
2019,37684135,122773391,1,14-Jun-19,3,C,23,5,25,M,1,2,N,,,25,0
2019,37693844,122773393,1,7-Aug-19,1,N,35,5,38,M,2,2,N,,,38,0
2019,37693852,122773402,1,6-Jul-19,1,C,39,5,35,M,1,2,R,,,35,0
2019,37693873,122773420,1,7-May-19,1,N,35,5,19,M,1,3,R,,,19,0
2019,37684157,122773428,1,14-Jun-19,1,C,23,5,40,F,2,2,N,,,40,0
2019,37687092,122773428,2,14-Jun-19,1,C,23,5,36,F,2,2,N,,,36,0
2019,37687097,122773430,2,8-May-19,1,C,28,5,39,M,1,2,N,,,39,0
2019,37693886,122773430,1,8-May-19,1,C,28,5,47,F,1,,N,,,47,0
2019,37693889,122773432,1,15-Jun-19,1,C,16,5,19,M,1,3,R,,,19,0
2019,37693905,122773447,1,7-Feb-19,1,C,23,5,24,F,2,2,R,,,24,0
2019,37693904,122773447,2,7-Feb-19,1,C,23,5,27,F,2,2,R,,,27,0
2019,37693915,122777633,1,12-Apr-19,1,C,16,5,28,F,2,2,N,,,28,0
2019,37693924,122773459,1,18-Jan-19,1,C,16,5,26,M,2,2,N,,,26,0
2019,37693936,122784358,1,16-Sep-19,1,C,51,5,39,M,2,2,R,,,39,0
2019,37693944,122773479,1,17-Sep-19,3,C,23,5,22,F,2,2,N,,,22,0
2019,37693952,122773485,1,26-Jun-19,3,C,23,5,35,M,1,2,R,,,35,0
2019,37694015,122773538,1,12-Jul-19,1,C,23,5,22,M,2,2,R,,,22,0
2019,37684234,122773541,1,20-Sep-19,1,C,16,5,20,F,2,2,R,,,20,0
2019,37694020,122773544,1,12-Feb-19,1,C,16,5,35,M,4,2,R,,,35,0
2019,37694021,122773544,2,12-Feb-19,1,C,16,5,29,M,4,,N,,,29,0
2019,37684243,122773550,1,18-Apr-19,1,C,28,5,19,M,2,2,R,,,19,0
2019,37684248,122784401,2,17-Apr-19,1,C,23,5,23,M,2,2,N,,,23,0
2019,37684251,122784401,3,17-Apr-19,1,C,23,5,18,M,2,2,N,,,18,0
2019,37684249,122784401,1,17-Apr-19,1,C,23,5,23,M,2,2,N,,,23,0
2019,37694038,122773561,1,14-Mar-19,1,C,16,5,33,M,2,2,N,,,33,0
2019,37694056,122773576,1,14-Jul-19,1,C,23,5,25,M,2,2,N,,,25,0
2019,37694054,122773576,2,14-Jul-19,1,C,23,5,25,M,2,2,N,,,25,0
2019,37684267,122784419,1,14-Mar-19,1,C,51,5,26,M,1,2,N,,,26,0
2019,37694069,122773592,1,18-Apr-19,1,N,23,5,45,M,1,2,R,,,45,0
2019,37694119,122773636,1,27-Jun-19,1,C,23,5,19,M,2,2,N,,,19,0
2019,37684323,122773647,2,17-Mar-19,1,C,23,5,39,M,2,2,N,,,39,0
2019,37684322,122773647,1,17-Mar-19,1,C,23,5,47,M,2,2,N,,,47,0
2019,37694166,122773681,1,26-Jan-19,3,C,23,5,19,M,1,2,N,,,19,0
2019,37694197,122773703,1,26-Aug-19,2,C,23,5,27,F,1,2,N,,,27,0
2019,37694201,122773706,1,24-May-19,1,C,51,5,30,F,1,2,R,,,30,0
2019,37687374,122773712,1,30-Jan-19,1,C,23,5,14,M,1,2,N,H,,14,0
2019,37687381,122773717,1,30-Sep-19,1,C,23,5,51,M,1,2,N,,,51,0
2019,37694228,122773734,1,30-Jun-19,1,C,23,5,46,M,2,2,N,,,46,0
2019,37694230,122773736,1,6-Mar-19,3,C,28,5,28,M,1,2,N,,,28,0
2019,37694272,122773777,1,30-Aug-19,1,C,16,5,43,M,1,3,N,,,43,0
2019,37694277,122773787,1,30-Aug-19,1,M,16,5,23,M,8,2,N,,,23,0
2019,36087289,118350099,1,10-Nov-19,1,M,44,5,19,M,2,2,R,,,19,0
2019,36087350,118350344,1,22-Nov-19,1,N,39,5,27,M,2,2,N,,,27,0
2019,36087351,118350345,1,23-Nov-19,1,C,16,5,26,M,2,2,N,,,26,0
2019,36087352,118350348,1,23-Nov-19,1,C,16,5,21,M,1,,N,,,21,0
2019,36087353,118350350,1,23-Nov-19,1,N,23,5,49,M,1,2,R,,,49,0
2019,36087354,118350351,1,23-Nov-19,1,C,51,5,30,M,2,2,N,,,30,0
2019,36087355,118350359,1,24-Nov-19,1,C,16,5,20,M,1,1,N,,,20,0
2019,36087356,118350362,1,25-Nov-19,1,C,23,5,35,F,1,2,N,,,35,0
2019,36087357,118350364,1,25-Nov-19,1,N,51,5,34,F,1,1,R,,,34,0
2019,36087358,118350368,1,25-Nov-19,1,C,23,5,50,F,1,2,R,,,50,0
2019,36087359,118350372,1,26-Nov-19,1,C,16,5,17,M,1,2,R,H,,17,0
2019,36087360,118350373,1,26-Nov-19,1,C,23,5,41,F,2,2,N,,,41,0
2019,36087361,118350376,1,26-Nov-19,1,C,16,5,29,M,2,2,N,,,29,0
2019,36087362,118350383,1,27-Nov-19,1,C,16,5,20,M,2,2,R,,,20,0
2019,36087364,118350391,1,27-Nov-19,1,C,23,5,22,F,2,2,N,,,22,0
2019,36087365,118350395,1,28-Nov-19,1,C,16,5,24,M,2,2,N,,,24,0
2019,36087366,118350396,1,28-Nov-19,1,M,16,5,40,M,2,2,N,,,40,0
2019,36087367,118350399,1,29-Nov-19,1,C,23,5,38,F,2,2,N,,,38,0
2019,36087368,118350400,1,29-Nov-19,1,C,51,5,18,F,2,2,R,,,18,0
2019,36087369,118350402,1,29-Nov-19,1,C,23,5,18,M,2,2,N,,,18,0
2019,36087370,118350404,2,30-Nov-19,2,C,23,5,67,F,2,2,N,,,67,0
2019,36087371,118350404,1,30-Nov-19,1,C,23,5,64,F,2,2,N,,,64,0
2019,36087372,118350406,1,30-Nov-19,1,C,51,5,21,M,2,2,N,,,21,0
2019,36087373,118350407,1,30-Nov-19,1,C,16,5,21,M,2,2,N,,,21,0
2019,36087374,118350410,1,30-Nov-19,1,C,23,5,28,F,2,2,N,,,28,0
2019,36087375,118350411,1,30-Nov-19,1,C,23,5,17,M,2,2,R,R,,17,0
2019,36087376,118350414,1,30-Nov-19,1,C,16,5,27,M,2,2,R,,,27,0
2019,36087285,118350089,1,5-Nov-19,3,C,45,5,30,F,1,3,N,,,30,0
2019,36087293,118350118,1,20-Nov-19,3,C,44,5,32,M,1,2,N,,,32,0
2019,36087288,118350096,1,7-Nov-19,3,C,23,5,26,F,1,2,N,,,26,0
2019,36087290,118350108,1,18-Nov-19,3,C,51,5,24,M,2,2,N,,,24,0
2019,36087295,118350122,2,31-Oct-19,1,N,2,5,20,F,0,3,N,,,20,0
2019,36087294,118350122,3,31-Oct-19,1,N,2,5,26,F,1,1,N,,,26,0
2019,36087298,118350134,1,3-Nov-19,1,C,23,5,37,F,1,2,N,,,37,0
2019,36087297,118350134,2,3-Nov-19,1,C,23,5,31,M,1,2,N,,,31,0
2019,36087301,118350150,1,4-Nov-19,1,C,23,5,23,M,1,2,N,,,23,0
2019,36406348,119298538,1,2-Dec-19,3,C,23,5,23,M,2,2,N,,,23,0
2019,36400645,119298555,1,18-Dec-19,3,C,11,5,26,M,2,2,N,,,26,0
2019,36093557,118355044,1,1-Nov-19,1,C,10,5,37,F,1,2,R,,,37,0
2019,36400647,119275978,1,3-Dec-19,1,C,23,5,25,M,2,2,N,,,25,0
2019,36396296,119276004,1,6-Dec-19,1,C,51,5,21,F,1,2,R,,,21,0
2019,36396297,119276020,1,8-Dec-19,1,C,16,5,28,M,2,2,R,,,28,0
2019,36396298,119276021,1,8-Dec-19,1,C,23,5,64,F,1,,R,,,64,0
2019,36396299,119276028,1,9-Dec-19,1,N,23,5,25,F,2,2,N,,,25,0
2019,36396300,119276032,1,9-Dec-19,1,C,51,5,23,M,2,2,R,,,23,0
2019,36396301,119276035,1,10-Dec-19,1,C,40,5,32,M,2,2,N,,,32,0
2019,36396302,119276043,1,11-Dec-19,1,C,23,5,16,M,0,1,N,H,,16,0
2019,36396303,119276046,1,12-Dec-19,2,C,23,5,53,M,2,2,N,,,53,0
2019,36396304,119276054,1,13-Dec-19,1,C,16,5,17,F,2,2,R,H,,17,0
2019,36396305,119276055,1,13-Dec-19,1,C,23,5,48,F,2,2,N,,,48,0
2019,36396306,119276059,1,26-Dec-19,3,C,48,5,24,F,2,2,N,,,24,0
2019,36396307,119276061,1,13-Dec-19,1,C,16,5,27,M,2,2,N,,,27,0
2019,36396308,119276062,1,14-Dec-19,1,C,16,5,23,F,2,2,R,,,23,0
2019,36808679,120427242,1,9-Jan-20,3,N,51,5,24,M,1,2,N,,,24,0
2019,36406346,119294351,2,1-Dec-19,3,C,23,5,24,F,2,2,N,,,24,0
2019,36406347,119294351,1,1-Dec-19,3,C,23,5,24,M,2,2,N,,,24,0
2019,36406351,119294374,1,1-Dec-19,1,C,16,5,27,F,2,2,N,,,27,0
2019,36406352,119294382,1,2-Dec-19,1,C,16,5,42,F,1,2,N,,,42,0
2019,36400650,119294410,1,5-Dec-19,1,C,23,5,52,M,2,2,N,,,52,0
2019,36406345,119294350,1,2-Dec-19,3,C,23,5,23,M,2,2,N,,,23,0
2019,36406355,119294420,1,23-Dec-19,1,C,23,5,20,F,1,2,N,,,20,0
2019,36406356,119294420,2,23-Dec-19,1,C,23,5,25,F,2,2,N,,,25,0
2019,36406357,119294429,1,23-Dec-19,1,C,23,5,39,M,1,2,N,,,39,0
2019,36406358,119294430,1,23-Dec-19,1,C,16,5,22,F,2,,N,,,22,0
2019,36406359,119294438,1,24-Dec-19,1,C,39,5,18,M,2,2,R,,,18,0
2019,36406360,119294442,1,25-Dec-19,1,C,51,5,28,F,2,2,R,,,28,0
2019,36406361,119294448,1,26-Dec-19,1,N,16,5,36,F,1,2,R,,,36,0
2019,36406362,119294449,1,26-Dec-19,1,C,16,5,18,M,1,2,N,,,18,0
2019,36406363,119294461,1,27-Dec-19,1,C,23,5,24,M,1,2,R,,,24,0
2019,36406364,119294463,1,27-Dec-19,1,C,16,5,22,M,2,2,N,,,22,0
2019,36406365,119294464,1,27-Dec-19,1,C,23,5,28,M,2,2,R,,,28,0
2019,36406366,119294465,1,27-Dec-19,1,M,51,5,28,M,2,2,R,,,28,0
2019,36406367,119294470,1,28-Dec-19,1,C,51,5,36,F,1,,R,,,36,0
2019,36406368,119294470,2,28-Dec-19,1,C,51,5,37,M,1,2,R,,,37,0
2019,36406369,119294488,1,29-Dec-19,1,C,23,5,22,M,2,2,R,,,22,0
2019,36406370,119294489,1,29-Dec-19,1,N,23,5,33,F,1,2,R,,,33,0
2019,36406371,119294503,1,30-Dec-19,1,C,16,5,31,M,2,2,N,,,31,0
2019,36406372,119294511,1,31-Dec-19,1,C,16,5,43,M,1,2,U,,,43,0
2019,37694282,122773790,1,25-Mar-19,1,C,16,5,31,M,2,,N,,,31,0
2019,37687439,122773793,1,26-Feb-19,1,C,51,5,20,M,2,2,R,,,20,0
2019,37694286,122773797,1,27-Feb-19,1,C,49,5,60,M,1,2,N,,,60,0
2019,37687444,122773802,1,28-Feb-19,1,C,16,5,21,F,2,2,R,,,21,0
2019,37694290,122773803,1,28-Feb-19,1,M,16,5,21,F,2,2,R,,,21,0
2019,37694294,122773806,1,28-Feb-19,1,C,46,5,26,M,2,1,N,,,26,0
2019,37694296,122773809,1,24-Jul-19,1,C,16,5,31,F,1,2,N,,,31,0
2019,37694298,122773812,1,31-May-19,1,C,23,5,45,F,1,2,N,,,45,0
2019,37694301,122773813,1,21-Jul-19,3,C,45,5,23,M,2,2,N,,,23,0
2019,37694302,122773816,1,11-Apr-19,3,C,51,5,20,M,1,2,N,,,20,0
2019,37687459,122773818,1,25-Jul-19,1,M,23,5,26,M,1,2,N,,,26,0
2019,37694311,122773833,1,28-Jul-19,1,C,23,5,42,M,1,2,N,,,42,0
2019,37694312,122773834,1,29-Jul-19,1,C,51,5,31,M,1,1,R,,,31,0
2019,37694313,122773835,1,1-Aug-19,3,C,44,5,25,F,2,2,N,,,25,0
2019,37694314,122773836,1,29-Jul-19,1,C,23,5,34,F,2,,N,,,34,0
2019,37694315,122773837,1,29-Jul-19,1,C,23,5,48,F,1,2,N,,,48,0
2019,37693700,122773249,1,2-May-19,1,C,16,5,19,M,1,2,R,,,19,0
2019,37693703,122773251,1,2-Aug-19,1,C,23,5,16,M,1,2,N,H,,16,0
2019,37693724,122773275,1,2-Feb-19,1,C,44,5,53,M,1,2,R,,,53,0
2019,37693727,122773281,1,2-Mar-19,1,C,16,5,29,M,1,2,R,,,29,0
2019,37686965,122773289,1,3-Mar-19,1,C,27,5,47,M,1,2,R,,,47,0
2019,37686969,122773290,1,5-Jun-19,1,C,28,5,28,M,1,2,R,,,28,0
2019,37693736,122773292,1,5-Sep-19,1,C,16,5,27,M,2,2,R,,,27,0
2019,37686990,122773298,1,2-Jul-19,1,C,23,5,21,M,1,2,N,,,21,0
2019,37693782,122773338,1,9-Jun-19,1,C,23,5,28,M,2,2,N,,,28,0
2019,37693789,122773345,2,4-Feb-19,1,C,35,5,37,M,1,2,R,,,37,0
2019,37693788,122773345,1,4-Feb-19,1,C,16,5,48,M,1,2,R,,,48,0
2019,37687039,122773359,1,6-May-19,1,C,51,5,24,F,1,2,R,,,24,0
2019,37693818,122784273,2,6-Aug-19,1,C,40,5,20,M,2,2,N,,,20,0
2019,37693817,122784273,1,6-Aug-19,1,C,40,5,20,M,2,,R,,,20,0
2019,37687050,122784279,1,8-Mar-19,1,N,23,5,34,F,2,2,N,,,34,0
2019,37693831,122773382,1,6-Feb-19,1,C,16,5,23,M,1,2,R,,,23,0
2019,37687056,122773386,1,8-Mar-19,1,C,16,5,31,F,2,2,N,,,31,0
2019,37693856,122773404,1,6-Feb-19,1,C,23,5,27,M,1,2,N,,,27,0
2019,37693866,122773416,1,8-Aug-19,1,C,23,5,44,F,1,2,N,,,44,0
2019,37684188,122777631,1,15-Sep-19,1,C,39,5,22,M,2,2,N,,,22,0
2019,37684197,122784350,1,10-Mar-19,1,C,23,5,41,F,1,2,N,,,41,0
2019,37693928,122773463,1,11-May-19,1,C,23,5,26,M,2,2,N,,,26,0
2019,37693929,122773463,2,11-May-19,1,M,23,5,22,F,2,2,R,,,22,0
2019,37693940,122773476,1,9-Jul-19,1,C,11,5,60,M,1,2,N,,,60,0
2019,37693943,122773478,1,13-Apr-19,1,C,23,5,40,F,1,2,R,,,40,0
2019,37693950,122773483,1,29-May-19,3,C,44,5,71,F,1,2,N,,,71,0
2019,37693963,122773492,1,18-Sep-19,1,M,16,5,19,M,1,1,N,,,19,0
2019,37693967,122773499,1,10-Jul-19,1,C,16,5,49,M,2,2,N,,,49,0
2019,37693978,122773510,1,11-Feb-19,1,N,23,5,21,M,2,2,N,,,21,0
2019,37693987,122773517,1,11-Feb-19,3,C,23,5,38,M,1,2,N,,,38,0
2019,37684239,122773548,1,21-Sep-19,1,C,23,5,57,M,2,2,N,,,57,0
2019,37694033,122773556,1,20-Jan-19,1,C,23,5,22,M,2,2,N,,,22,0
2019,37684253,122773560,1,15-May-19,1,C,16,5,31,M,1,2,N,,,31,0
2019,37687233,122777745,1,17-Apr-19,1,C,51,5,22,M,1,2,N,,,22,0
2019,37687239,122773569,1,13-Feb-19,1,C,23,5,35,F,1,2,N,,,35,0
2019,37694053,122773574,1,19-Aug-19,1,C,35,5,23,M,1,2,N,,,23,0
2019,37687257,122773586,1,13-Feb-19,1,C,51,5,32,F,1,2,R,,,32,0
2019,37684284,122773596,1,18-May-19,1,C,39,5,22,F,2,2,N,,,22,0
2019,37694085,122773606,1,25-Jun-19,1,C,23,5,25,M,2,2,N,,,25,0
2019,37694109,122773625,1,15-Feb-19,1,N,23,5,22,M,1,2,N,,,22,0
2019,37684317,122784465,1,23-Aug-19,1,C,51,5,38,M,2,2,R,,,38,0
2019,37694128,122773645,1,23-Aug-19,1,N,23,5,23,M,2,2,N,,,23,0
2019,37694130,122773648,1,21-May-19,1,M,39,5,22,F,2,2,R,,,22,0
2019,37694131,122773651,1,21-May-19,1,C,23,5,37,F,1,2,N,,,37,0
2019,37694134,122773654,1,23-Aug-19,1,C,51,5,37,F,1,2,R,,,37,0
2019,37694137,122773659,1,26-Sep-19,3,C,23,5,27,M,2,2,N,,,27,0
2019,37694153,122773671,1,18-Mar-19,1,C,23,5,19,M,1,2,N,,,19,0
2019,37687347,122777845,1,24-Aug-19,1,C,23,5,18,M,2,2,N,,,18,0
2019,37694194,122773699,1,28-Jan-19,1,N,23,5,45,F,2,2,N,,,45,0
2019,37693685,122773235,1,1-Jul-19,1,C,27,5,26,M,2,2,N,,,26,0
2019,37693719,122773269,1,2-Jun-19,1,M,16,5,42,M,2,2,N,,,42,0
2019,37693720,122773269,2,2-Jun-19,1,C,35,5,39,F,2,2,N,,,39,0
2019,37687007,122773326,1,5-Aug-19,1,C,21,5,30,M,1,2,N,,,30,0
2019,37693793,122773348,1,9-Sep-19,1,C,16,5,14,M,1,2,R,H,,14,0
2019,37687032,122773354,1,6-Aug-19,3,N,51,5,45,M,1,2,R,,,45,0
2019,37693823,122773372,2,10-Jun-19,1,C,11,5,30,M,2,2,N,,,30,0
2019,37693822,122773372,1,10-Jun-19,1,C,11,5,33,F,2,2,N,,,33,0
2019,37684139,122777565,2,12-Jun-19,1,C,23,5,15,F,1,2,R,H,,15,0
2019,37684140,122777565,3,12-Jun-19,1,C,23,5,15,F,1,,R,H,,15,0
2019,37684141,122777565,1,12-Jun-19,1,C,23,5,15,M,1,,R,R,,15,0
2019,37693878,122773423,1,9-Aug-19,1,N,11,5,35,M,2,2,N,,,35,0
2019,37684171,122773441,1,7-Feb-19,1,C,23,5,19,M,2,2,R,,,19,0
2019,37693969,122773502,1,16-Aug-19,1,C,16,5,24,M,2,2,R,,,24,0
2019,37693981,122773512,1,18-Jan-19,1,C,23,5,29,M,2,2,N,,,29,0
2019,37694001,122773530,1,16-Apr-19,1,C,16,5,32,F,2,2,R,,,32,0
2019,37694010,122773533,1,26-Mar-19,3,C,23,5,42,M,2,2,N,,,42,0
2019,37694011,122773534,1,20-Sep-19,1,C,23,5,16,F,1,2,N,H,,16,0
2019,37694051,122773572,1,14-Mar-19,1,M,16,5,43,F,1,2,N,,,43,0
2019,37694065,122773591,1,14-Jul-19,1,C,23,5,22,F,1,2,N,,,22,0
2019,37694070,122773594,1,24-Jun-19,1,C,51,5,42,M,2,2,N,,,42,0
2019,37694079,122773601,1,25-Sep-19,3,C,51,5,24,M,1,2,N,,,24,0
2019,37694084,122773605,1,23-Jan-19,1,M,23,5,22,M,1,2,N,,,22,0
2019,37694111,122773627,1,16-Mar-19,1,C,35,5,43,F,1,,N,,,43,0
2019,37687305,122777809,1,17-Jul-19,1,C,16,5,25,F,1,2,N,,,25,0
2019,37694146,122773668,1,27-Sep-19,1,C,23,5,41,F,0,1,N,,,41,0
2019,37694148,122784483,1,26-Jan-19,1,C,16,5,34,M,1,2,R,,,34,0
2019,37694147,122784483,2,26-Jan-19,1,C,16,5,42,F,1,2,N,,,42,0
2019,37687345,122773672,1,18-Jul-19,1,C,51,5,22,M,1,2,R,,,22,0
2019,37684346,122777847,1,23-May-19,1,C,28,5,37,F,2,2,N,,,37,0
2019,37694163,122773678,1,24-Aug-19,1,C,23,5,19,M,2,2,N,,,19,0
2019,37684365,122784510,1,24-May-19,1,C,51,5,32,M,2,2,R,,,32,0
2019,37694215,122773722,1,1-Feb-19,1,C,16,5,28,M,1,2,N,,,28,0
2019,37694259,122773764,1,17-Feb-20,3,C,2,5,31,M,2,2,N,,,31,0
2019,37694262,122773768,1,28-May-19,1,C,23,5,18,M,2,2,N,,,18,0
2019,37694264,122773770,1,24-Mar-19,1,C,44,5,42,M,2,2,N,,,42,0
2019,37687418,122773775,1,29-Aug-19,1,C,23,5,37,M,1,2,N,,,37,0
2019,37694273,122773778,1,3-Jun-19,3,C,23,5,81,F,1,2,N,,,81,0
2019,37687425,122773780,2,25-Feb-19,1,C,23,5,17,F,1,2,N,H,,17,0
2019,37694275,122773780,1,25-Feb-19,1,C,23,5,16,F,1,2,N,H,,16,0
2019,37694280,122777935,1,31-Aug-19,1,C,35,5,27,M,1,2,R,,,27,0
2019,37694285,122773795,1,31-Aug-19,1,C,51,5,24,M,2,2,R,,,24,0
2019,37687443,122773799,1,31-Aug-19,1,C,16,5,28,M,2,2,R,,,28,0
2019,37694293,122773805,1,24-Jul-19,1,C,16,5,30,M,2,2,N,,,30,0
2019,37687454,122773808,1,28-Feb-19,2,C,23,5,56,M,2,2,R,,,56,0
2019,37694303,122773817,1,28-Aug-19,3,C,37,5,32,M,2,2,N,,,32,0
2019,37693705,122773256,2,3-Jan-19,1,C,23,5,17,M,2,2,N,H,,17,0
2019,37686913,122773256,1,3-Jan-19,1,C,23,5,19,M,2,2,N,,,19,0
2019,37686929,122784202,1,1-Mar-19,1,N,23,5,36,M,2,2,N,,,36,0
2019,37693746,122773303,1,4-Apr-19,1,C,23,5,22,F,1,2,N,,,22,0
2019,37693755,122773312,1,4-Apr-19,1,C,23,5,16,M,2,2,N,H,,16,0
2019,37693756,122773312,2,4-Apr-19,1,C,23,5,18,M,2,2,N,,,18,0
2019,37693693,122773243,1,1-Mar-19,1,C,35,5,26,F,1,2,N,,,26,0
